RUN;Nombre;"Apellido P";telefono;"email personal";"email  institucional";DEDICACIÓN;CONTRATO;DIURNO;VESPERTINO;SEDE;CARRERA;"GRADO ACADÉMICO";"JERARQUÍA ";CARGO;ESTAMENTO
19156759;;;;;;40;"FULL TIME";;;;;;;"Secretaria (o)";Administrativo
15059751;Rufus;Scrimgeour;456789022;rufus.scrimgeour.devia@coldmail.com;rufus.scrimgeour.devia@lamejor.com;;HONORARIO;diurno;;HOGWARTS;MAGIA;LICENCIATURA;"TITULAR REGULAR";;
21423313;Séptima;Vector;789012355;septima.vector@yeeha.com;septima.vector@lamejor.com;;"FULL TIME";diurno;vespertino;HOGWARTS;MAGIA;DOCTOR;"ASISTENTE DOCENTE";"Director (a) Formación Cont. y Postgra";
20082984;Vernon;Dursley;789012356;vernon.dursley.renard@yeeha.com;vernon.dursley.renard@lamejor.com;;HONORARIO;diurno;vespertino;HOGWARTS;MAGIA;MAGISTER;"ASISTENTE DOCENTE";;
22035082;JK;Rowling;456789021;hkrowling@editorial.edito;hkrowling@lamejor.com;;"FULL TIME";diurno;vespertino;HOGWARTS;MAGIA;;"ASOCIADO DOCENTE";"Profesor por Jornada";
17241044;Voldemort;SeñorOscuro;234567902;voldemort.senoroscuros.elinnombrable@gmall.com;voldemort.senoroscuros.elinnombrable@lamejor.com;-1;"FULL TIME";diurno;;HOGWARTS;MAGIA;MAGISTER;"ASOCIADO REGULAR";"Profesor por Jornada";
19457329;Fleur;Delacour;678901238;fleur.delacour.diaz@gmall.com;fleur.delacour.diaz@lamejor.com;;"FULL TIME";diurno;vespertino;BEAUXBATON;;LICENCIATURA;"INSTRUCTORA DOCENTE";"Secretaria Estudios";
23677609;Daphne;Greengrass;345678904;daphne.greengrass@michea.com;daphne.greengrass@lamejor;;HONORARIO;diurno;;BEAUXBATON;;MAGISTER;"INSTRUCTOR DOCENTE";;
15089005;Bellatrix;Lestrange;234567892;bellatrix.lestrange.beltran@gmall.com;bellatrix.lestrange.beltran@lamejor.com;;HONORARIO;diurno;;;;MAGISTER;"TITULAR REGULAR";;
24017462;Steve;" Kloves";;;;;;;;;;;;;
12684784-K;;;;;;40;;;;;;;;"Secretario (a) de Dirección";Administrativo
19064170;Gilderoy;Lockhart;901234571;gilderoy.lockhart@yeeha.com;gilderoy.lockhart@lamejor.com;;HONORARIO;diurno;;BEAUXBATON;HECHICERÍA;"DOCTOR ";"ASISTENTE DOCENTE";;
16789372;Ernie;Macmillan;345678905;ernie.macmillan@riquelme.com;ernie.macmillan@lamejor;;"FULL TIME";diurno;;BEAUXBATON;HECHICERÍA;MAGISTER;"ASOCIADO DOCENTE";"Director(a) Carrera (i)";
17043066;Minerva;McGonagall;;minerva.mcgonagall@gmall.com;minerva.mcgonagall@lamejor.com;;HONORARIO;diurno;;;;MAGISTER;"ASISTENTE DOCENTE";;
9866866;Luna;Lovegood;456789019;luna.lovegood.diaz@yeeha.com;luna.lovegood.diaz@lamejor.com;;;diurno;;HOGWARTS;MAGIA;MAGISTER;"INSTRUCTOR DOCENTE";;
22073090;Dennis;Creevey;;dennis.creevey.nash@gmall.com;dennis.creevey.nash@lamejor.com;;;;;;;MAGISTER;;;
7777777;"EDUARDO SANTIAGO";BUSTOS;BAHAMONDE;eb@uc.cl;eb@lamejor.cl;80;;"A VECES";TAMBIEN;HOGWARTS;;;BAJA;JUNIOR;administrativo
13689982;Remus;Lupin;789012354;remus.lupin@coldmail.com;remus.lupin@lamejor.com;;"FULL TIME";diurno;vespertino;HOGWARTS;MAGIA;MAGISTER;"ASOCIADO DOCENTE";"Profesor por Jornada";
8270690;Vincent;Crabbe;901234578;vincent.crabbe.piturra@gmall.com;vincent.crabbe.piturra@lamejor.com;;HONORARIO;;vespertino;HOGWARTS;MAGIA;MAGISTER;"ASISTENTE DOCENTE";;
15647936;;;;;;;HONORARIO;;;;;MAGISTER;"INSTRUCTOR DOCENTE";"Profesor por Jornada";
7682646;Dudley;Dursley;234567894;dudley.dursley.plaza@coldmail.com;dudley.dursley.plaza@lamejor.com;;HONORARIO;;;BEAUXBATON;HECHICERÍA;MAGISTER;"INSTRUCTOR DOCENTE";;
6666666;Voldemort;SeñorOscuro;567890123;voldemort.senoroscuros@elinnombrable.com;voldemort.senoroscuros.elinnombrable@lamejor.com;;GRATIS;diurno;;;;" LICENCIATURA";;VACANTE;
9808360;Firenze;;;firenze@yeeha.com;firenze@lamejor.com;;;;;;;;;;
19036378;Lee;Jordan;;lee.jordan.marin@yeeha.com;lee.jordan.marin@lamejor.com;;;;;;;;;;
12114054;Justin;Finch-Fletchley;;justin.finch-fletchley@latorre.com;justin.finch-fletchley@@lamejor;;;;;;;;;;
21103479;Harry;Potter;;harry.potter.badilla@yeeha.com;harry.potter.badilla@lamejor.com;;;;;;;DOCTOR;;;
21673365;Irman.;Pince;;irma.pince@coldmail.com;irma.pince@lamejor.com;;;;;;;;;;
13827502;Remus;Lupin;678901243;remus.lupin.barrientos@yeeha.com;remus.lupin.barrientos@lamejor.com;;"FULL TIME";diurno;;HOGWARTS;MAGIA;MAGISTER;"TITULAR DOCENTE";"Profesor 1/2 Jornada";
11057406;Filius;Flitwick;456789016;filius.flitwick@coldmail.com;filius.flitwick@lamejor.com;;HONORARIO;diurno;;BEAUXBATON;HECHICERÍA;MAGISTER;"SIN JERARQUIZAR";;
12972527;Seamus;Finnigan;678901244;seamus.finnigan.contreras@coldmail.com;seamus.finnigan.contreras@lamejor.com;;HONORARIO;diurno;;HOGWARTS;MAGIA;MAGISTER;"ASOCIADO DOCENTE";;
100;POR;DESIGNAR;;;;;;;;;;MAGISTER;"ASISTENTE REGULAR";;
4010;POR;DESIGNAR;;;;;;;;;;;;;
17922276;;;;;;40;"FULL TIME";;;;;;;"Secretaria (o)";Administrativo
7900381;Viktor;Krum;890123467;viktor.krum.duran@yeeha.com;viktor.krum.duran@lamejor.com;;"FULL TIME";diurno;;HOGWARTS;MAGIA;MAGISTER;"ASOCIADO DOCENTE";"Profesor 1/2 Jornada";
12791816;Xenophilius;Lovegood;456789024;xenophilius.lovegood.gonzalez@coldmail.com;xenophilius.lovegood.gonzalez@lamejor.com;;HONORARIO;;vespertino;HOGWARTS;MAGIA;MAGISTER;"ASISTENTE DOCENTE";;
14064936;Angelina;Johnson;456789013;angelina.johnson.reyes@yeeha.com;angelina.johnson.reyes@lamejor.com;;HONORARIO;diurno;;BEAUXBATON;MAGIA;LICENCIATURA;"SIN JERARQUIZAR";;
111861590;;;;;;40;"FULL TIME";;;;;;;"Secretaria - Escuela";Administrativo
7481441;Arthur;Weasley;789012346;arthur.weasley.diaz@yeeha.com;arthur.weasley.diaz@lamejor.com;;"FULL TIME";diurno;;;;LICENCIATURA;"INSTRUCTOR DOCENTE";"Coord. de Clínica ";Académico
15647218;Cuthbert;Binns;;cuthbert.binns@yeeha.com;cuthbert.binns@lamejor.com;;;;;;;;;;
21904102;Petunia;Dursley;890123464;petunia.dursley.jeraldo@gmall.com;petunia.dursley.jeraldo@lamejor.com;;HONORARIO;diurno;vespertino;HOGWARTS;MAGIA;MAGISTER;"ASISTENTE DOCENTE";;
22336345;Blaise;Zabini;;blaise.zabini.pardo@gmall.com;blaise.zabini.pardo@lamejor.com;;;;;;;;;;
19164741;"David ";Heyman;;;;;;;;;;;;;
14550636;Ginny;Weasley;;ginny.weasley.rojas@gmall.com;ginny.weasley.rojas@lamejor.com;;;;;;;;;;
11055885;James;Potter;;james.potter.cortes@coldmail.com;james.potter.cortes@lamejor.com;;;;;;;;;;
20666086;Marietta;Edgecombe;;marietta.edgecombe@dietz.com;marietta.edgecombe@lamejor;;;;;;;MAGISTER;;;
7505853;Charity;Burbage;;charity.burbage@coldmail.com;charity.burbage@lamejor.com;;;;;;;;;;
7434992;Padma;Patil;456789020;padma.patil.sandoval@coldmail.com;padma.patil.sandoval@lamejor.com;;"FULL TIME";diurno;vespertino;HOGWARTS;MAGIA;MAGISTER;"TITULAR DOCENTE";;
23116372;Cornelius;Fudge;;cornelius.fudge.avila@yeeha.com;cornelius.fudge.avila@lamejor.com;;;;;;;;;;
20354821;Quirinus;Quirrell;567890132;quirinus.quirrell@yeeha.com;quirinus.quirrell@lamejor.com;;"FULL TIME";diurno;vespertino;HOGWARTS;MAGIA;;"TITULAR DOCENTE";"Profesor por Jornada";
12193904;Silvanusn.;Kettleburn;901234577;silvanus.kettleburn@gmall.com;silvanus.kettleburn@lamejor.com;;HONORARIO;;vespertino;HOGWARTS;MAGIA;MAGISTER;"ASOCIADO DOCENTE";;
14183901;Terry;Boot;567890134;terry.boot.diaz@coldmail.com;terry.boot.diaz@lamejor.com;;"FULL TIME";;vespertino;HOGWARTS;MAGIA;MAGISTER;"ASOCIADO DOCENTE";"Director Inst. Investigación y Postgra";
13475408;Poppy;Pomfrey;234567899;poppy.pomfrey@gmall.com;poppy.pomfrey@lamejor.com;;"FULL TIME";;vespertino;HOGWARTS;MAGIA;LICENCIATURA;"TITULAR DOCENTE";"Profesor por Jornada";
15992956;Dolores;Umbridge;;dolores.umbridge@coldmail.com;dolores.umbridge@lamejor.com;;;;;;;LICENCIATURA;;;
8761982;"Helga ";Hufflepuff;;helga.hufflepuff.bozo@coldmail.com;helga.hufflepuff.bozo@lamejor.com;;;;;;;DOCTOR;;;
20638852;Sirius;Black;234567901;sirius.black.esquivel@coldmail.com;sirius.black.esquivel@lamejor.com;;"FULL TIME";diurno;;HOGWARTS;MAGIA;MAGISTER;"ASOCIADA REGULAR";"Director (a) Centro de Sol. Colab.de C";
12758128;Argus;Filch;678901235;argus.filch@gmall.com;argus.filch@lamejor.com;;HONORARIO;diurno;;BEAUXBATON;;"DOCTOR ";"ASISTENTE DOCENTE";;
122637826;;;;;;40;"FULL TIME";;;;;;;"Secretaria - Escuela";Administrativo
24009027;Neville;Longbottom;234567898;neville.longbottom.valenzuela@gmall.com;neville.longbottom.valenzuela@lamejor.com;;HONORARIO;diurno;vespertino;HOGWARTS;MAGIA;MAGISTER;"INSTRUCTOR DOCENTE";;
16901248;Hermione;Granger;890123461;hermione.granger.benavides@coldmail.com;hermione.granger.benavides@lamejor.com;;HONORARIO;diurno;;BEAUXBATON;" HECHICERÍA";DOCTOR;"ASOCIADA DOCENTE";;
21713351;Cormac;McLaggen;890123458;cormac.mclaggen@valenzuela.com;cormac.mclaggen@lamejor;;HONORARIO;diurno;;;;MAGISTER;"ASISTENTE DOCENTE";;
15155275;Pansy;Parkinson;567890131;pansy.parkinson.larroucau@coldmail.com;pansy.parkinson.larroucau@lamejor.com;;"FULL TIME";;vespertino;HOGWARTS;MAGIA;MAGISTER;"INSTRUCTOR DOCENTE";;
12866079;Colin;Creevey;;colin.creevey.bermudez@gmall.com;colin.creevey.bermudez@lamejor.com;;;;;;;;;;
123712616;;;;;;40;"FULL TIME";;;;;;;"Secretaria (o)";Administrativo
12273600;Alastor;"PITURRA ";;alastor.piturra@yeeha.com;alastor.moody@lamejor.com;;;;;;;;;;
22890939;"Alfonso ";Cuarón;;;;;;;;;;;;;
12w238470;;;;;;40;"FULL TIME";;;;;;;"Secretaria (o)";Administrativo
9909814;Hannah;Abbott;567890128;hannah.abbott@viana.com;hannah.abbott@@lamejor;;HONORARIO;;;BEAUXBATON;HECHICERÍA;MAGISTER;"INSTRUCTOR DOCENTE";;
12712137;Katie;Bell;;katie.bell.aguirre@coldmail.com;katie.bell.aguirre@lamejor.com;;;;;;;;;;
14079731;Pomona;Sprout;;pomona.sprout@coldmail.com;pomona.sprout@lamejor.com;;;;;;;;;;
10778699;LAMAS;BELLA;;lamas.bella.delmundo@yeeha.com;lamas.bella.delmundo@lamejor.com;120;"DOUBLE  TIME";diurno;vespertino;TODAS;HECHICERÍA;MAGISTER;"ASISTENTE DOCENTE";VICEDECANA;Académico
11682760;Amycus;Carrow;;amycus.carrow@yeeha.com;amycus.carrow@lamejor.com;;;diurno;vespertino;;;;;;
24496460;Parvati;Patil;678901242;parvati.patil.pardo@yeeha.com;parvati.patil.pardo@lamejor.com;;HONORARIO;diurno;vespertino;HOGWARTS;MAGIA;LICENCIATURA;"ASOCIADO DOCENTE";;
19690944;Lavender;Brown;;lavender.brown@torralbo.com;lavender.brown@lamejor;;;;;;;;;;
19465195;Theodore;Nott;678901245;theodore.nott.plaza@gmall.com;theodore.nott.plaza@lamejor.com;;HONORARIO;diurno;;HOGWARTS;MAGIA;LICENCIATURA;"INSTRUCTOR DOCENTE";;
19525663;Susan;Bones;345678912;susan.bones@poncedeleon.com;susan.bones@@lamejor;;HONORARIO;diurno;vespertino;HOGWARTS;MAGIA;MAGISTER;"ASISTENTE DOCENTE";;
13567862;Dean;Thomas;456789015;dean.thomas.basaez@yeeha.com;dean.thomas.basaez@lamejor.com;;HONORARIO;diurno;;;;MAGISTER;"INSTRUCTOR DOCENTE";;
19028250;Kingsley;Shacklebolt;;kingsley.shacklebolt.perez@gmall.com;kingsley.shacklebolt.perez@lamejor.com;;;;;;;;;;
20537459;Alastor;Moody;678901234;alastor.moody.munita@coldmail.com;alastor.moody.munita@lamejor.com;;HONORARIO;diurno;;;;MAGISTER;"INSTRUCTOR DOCENTE";"Profesor por Jornada";
24441914;Gregory;Goyle;;gregory.goyle.brochet@yeeha.com;gregory.goyle.brochet@lamejor.com;;;;;;;;;;
20811745;Wilhelminan.;Grubbly-Plank;345678913;wilhelmina.grubblyplank@gmall.com;wilhelmina.grubblyplank@lamejor.com;;HONORARIO;diurno;;HOGWARTS;MAGIA;MAGISTER;"ASISTENTE DOCENTE";;
6012;DESIGNAR;POR;;;;;;;;;;DOCTORA;"INSTRUCTOR DOCENTE";"Profesor por Jornada";
23116742;Dolores;Umbridge;789012348;dolores.umbridge.baquerizo@coldmail.com;dolores.umbridge.baquerizo@lamejor.com;;HONORARIO;diurno;;;;LICENCIATURA;"INSTRUCTOR DOCENTE";;
20364718;Rolanda;Hooch;890123465;rolanda.hooch@coldmail.com;rolanda.hooch@lamejor.com;;"FULL TIME";;;HOGWARTS;MAGIA;;"ASOCIADO DOCENTE";"Director(a) Carrera (i)";
17754798;Draco;Malfoy;901234570;draco.malfoy.yanez@gmall.com;draco.malfoy.yanez@lamejor.com;;HONORARIO;diurno;;;;MAGISTER;"ASOCIADA DOCENTE";;
22671518;"Mike ";Newell;;;;;;;;;;;;;
10693674;Percy;Weasley;789012353;percy.weasley.silva@coldmail.com;percy.weasley.silva@lamejor.com;;HONORARIO;diurno;vespertino;HOGWARTS;MAGIA;LICENCIATURA;"TITULAR DOCENTE";;
9017415;Albus;Dumbledore;890123456;albus.dumbledore@coldmail.com;albus.dumbledore@lamejor.com;;"FULL TIME";diurno;;;;DOCTOR;"ASISTENTE DOCENTE";"Director(a) Carrera";
12949268;Molly;Weasley;890123463;molly.weasley.robles@gmall.com;molly.weasley.robles@lamejor.com;;"FULL TIME";diurno;vespertino;HOGWARTS;MAGIA;BACHILLER;"ASOCIADO REGULAR";"Secretario(a) Estudios";
19609585;Anthony;Goldstein;567890124;anthony.goldstein.contreras@gmall.com;anthony.goldstein.contreras@lamejor.com;;HONORARIO;diurno;;;;"MAGISTER ";"ASOCIADA DOCENTE";;
16462378;Cho;Chang;;cho.chang.gallo@coldmail.com;cho.chang.gallo@lamejor.com;;;;;;;;;;
23184735;Severus;Snape;890123466;severus.snape@yeeha.com;severus.snape@lamejor.com;;"FULL TIME";diurno;vespertino;HOGWARTS;MAGIA;MAGISTER;"ASISTENTE DOCENTE";"Director (a) Formación Cont. y Postgra";
19406721;Sybill;Trelawney;456789023;sybill.trelawney@gmall.com;sybill.trelawney@lamejor.com;;HONORARIO;diurno;;HOGWARTS;MAGIA;MAGISTER;"ASISTENTE DOCENTE";;
24719317;Lucius;Malfoy;345678908;lucius.malfoy.aguilera@yeeha.com;lucius.malfoy.aguilera@lamejor.com;;HONORARIO;diurno;;HOGWARTS;MAGIA;MAGISTER;"ASISTENTE DOCENTE";;
23156352;Oliver;Wood;345678909;oliver.wood.fuentes@gmall.com;oliver.wood.fuentes@lamejor.com;;"FULL TIME";diurno;vespertino;HOGWARTS;MAGIA;MAGISTER;"ASOCIADO DOCENTE";"Profesor por Jornada";
13645935;Horace;Slughorn;;horace.slughorn@gmall.com;horace.slughorn@lamejor.com;;;;;;;;;;
21982013;Rowena;" Ravenclaw";234567900;rowena.ravenclaw.vargas@gmall.com;rowena.ravenclaw.vargas@lamejor.com;;HONORARIO;;vespertino;HOGWARTS;MAGIA;MAGISTER;"ASISTENTE DOCENTE";;
22125739;Ron;Weasley;901234576;ron.weasley.irarrazabal@gmall.com;ron.weasley.irarrazabal@lamejor.com;;"FULL TIME";diurno;;HOGWARTS;MAGIA;;"INSTRUCTOR DOCENTE";"Director Clínica ";academico
25090138;Lily;Potter;234567897;lily.potter.aspillaga@coldmail.com;lily.potter.aspillaga@lamejor.com;;HONORARIO;diurno;vespertino;HOGWARTS;MAGIA;MAGISTER;"TITULAR DOCENTE";Profesor;
16563364;Zacharias;Smith;567890135;zacharias.smith@yeeha.com;zacharias.smith@lamejor.com;;HONORARIO;diurno;;HOGWARTS;MAGIA;MAGISTER;"INSTRUCTOR DOCENTE";;
9734595;Alicia;Spinnet;;alicia.spinnet.bascunan@gmall.com;alicia.spinnet.bascunan@lamejor.com;;;;;;;;;;
18231420;"David ";Yates;345678910;;;;HONORARIO;diurno;;HOGWARTS;MAGIA;MAGISTER;"INSTRUCTOR DOCENTE";;
14793687;George;Weasley;;george.weasley.valdivia@yeeha.com;george.weasley.valdivia@lamejor.com;;;;;;;;;;
17333138;Aurora;Sinistra;;aurora.sinistra@coldmail.com;aurora.sinistra@lamejor.com;;;;;;;;;;
15358632;Fred;Weasley;;fred.weasley.marti@gmall.com;fred.weasley.marti@lamejor.com;;;;;;;;;;
22630533;Alecto;Carrow;901234567;alecto.carrow@gmall.com;alecto.carrow@lamejor.com;;HONORARIO;diurno;;;;LICENCIATURA;"ASISTENTE DOCENTE";;
20454143;Cedric;Diggory;456789014;cedric.diggory.diaz@yeeha.com;cedric.diggory.diaz@lamejor.com;;HONORARIO;diurno;;;;MAGISTER;"INSTRUCTOR DOCENTE";;
13185805;"Godric ";Gryffindor;;godric.gryffindor.stippel@yeeha.com;godric.gryffindor.stippel@lamejor.com;;;;;;;;;;
16185180;Michael;Corner;678901241;michael.corner.vargas@yeeha.com;michael.corner.vargas@lamejor.com;;"FULL TIME";diurno;vespertino;HOGWARTS;MAGIA;MAGISTER;"ASOCIADO DOCENTE";"Director(a) Carrera";
10300778;Rubeus;Hagrid;345678911;rubeus.hagrid@yeeha.com;rubeus.hagrid@lamejor.com;;HONORARIO;diurno;vespertino;HOGWARTS;MAGIA;MAGISTER;"TITULAR DOCENTE";;
11822639;"Salazar ";Slytherin;567890133;salazar.slytherin.avila@yeeha.com;salazar.slytherin.avila@lamejor.com;;HONORARIO;;vespertino;HOGWARTS;MAGIA;MAGISTER;"ASOCIADO DOCENTE";;
16386516;Bathsheda;Babbling;;bathsheda.babbling@gmall.com;bathsheda.babbling@lamejor.com;;;;;;;;;;
22219383;"Chris ";Columbus;;;;;;;;;;;;;
24120738;Narcissa;Malfoy;;narcissa.malfoy.ramirez@coldmail.com;narcissa.malfoy.ramirez@lamejor.com;;;;;;;;;;
