Periodo;Sede;"Facultad  ";"Código Depto";Departamento;"Id Asignatura";Asignatura;Sección;Duración;Jornada;Cupo;Inscritos;Día;"Hora Inicio";"Hora Fin";"Fecha Inicio";"Fecha Fin";Lugar;Edificio;"Profesor Principal";RUN;"Nombre Docente";"1er Apellido Docente";"2so Apellido Docente";Jerarquización
2024-02;hogwarts;"Ministerio de magia";8020;"Ministerio de magia";PH110086;"TUTORÍAS DE ACOMPAÑAMIENTO MAGICO";75;S;Diurno;31;0;miércoles;11:15;12:35;01-08-2024;31-12-2024;Lab1;"HOGWARTS - ";S;100;POR;DESIGNAR;0;O
2024-02;hogwarts;"Ministerio de magia";8020;"Ministerio de magia";PH110086;"TUTORÍAS DE ACOMPAÑAMIENTO MAGICO";50;S;Diurno;26;0;jueves;15:45;17:05;01-08-2024;31-12-2024;22;"HOGWARTS - TORRE  II";S;100;POR;DESIGNAR;0;O
2024-02;hogwarts;"Ministerio de magia";8020;"Ministerio de magia";PH110086;"TUTORÍAS DE ACOMPAÑAMIENTO MAGICO";30;S;Diurno;13;0;miércoles;9:45;11:05;01-08-2024;31-12-2024;" 305 (H)";"HOGWARTS - TORRE  I";S;100;POR;DESIGNAR;0;O
2024-02;hogwarts;"Ministerio de magia";8020;"Ministerio de magia";PH110086;"TUTORÍAS DE ACOMPAÑAMIENTO MAGICO";45;S;Diurno;9;0;martes;14:15;15:35;01-08-2024;31-12-2024;56;"HOGWARTS - TORRE  II";S;100;POR;DESIGNAR;0;O
2024-02;hogwarts;"Ministerio de magia";8020;"Ministerio de magia";PH110086;"TUTORÍAS DE ACOMPAÑAMIENTO MAGICO";10;S;Diurno;46;0;martes;12:45;14:05;01-08-2024;31-12-2024;315;"HOGWARTS - TORRE B";S;100;POR;DESIGNAR;0;O
2024-02;Beauxbaton;"Facultad de Magia y Hechicería";4010;"ESCUELA DE MAGIA";GH13458;"ESTUDIOS DE DEMONIOS NECROFAGOS  I";230;S;Diurno;57;57;jueves;9:45;11:05;01-08-2024;30-12-2024;"102 (H)";"BEAUXBATON - EDIFICIO A";S;4010;POR;DESIGNAR;0;O
2024-02;Beauxbaton;"Facultad de Magia y Hechicería";4010;"ESCUELA DE MAGIA";GH13458;"ESTUDIOS DE DEMONIOS NECROFAGOS  I";230;S;Diurno;57;57;jueves;11:15;12:35;01-08-2024;30-12-2024;"102 (H)";"BEAUXBATON - EDIFICIO A";S;4010;POR;DESIGNAR;0;O
2024-02;Beauxbaton;"Facultad de Magia y Hechicería";4010;"ESCUELA DE MAGIA";GH13458;"ESTUDIOS DE DEMONIOS NECROFAGOS  I";230;S;Diurno;57;57;jueves;12:45;14:05;01-08-2024;30-12-2024;"102 (H)";"BEAUXBATON - EDIFICIO A";S;4010;POR;DESIGNAR;0;O
2024-02;Beauxbaton;"Facultad de Magia y Hechicería";4010;"ESCUELA DE MAGIA";GH24441;"ESTUDIOS DE DEMONIOS NECROFAGOS  VI";210;S;Diurno;30;23;lunes;15:45;17:05;01-08-2024;30-12-2024;"401 (H)";"BEAUXBATON - EDIFICIO B";S;4010;POR;DESIGNAR;0;O
2024-02;Beauxbaton;"Facultad de Magia y Hechicería";4010;"ESCUELA DE MAGIA";GH24441;"ESTUDIOS DE DEMONIOS NECROFAGOS  VI";210;S;Diurno;30;23;lunes;17:15;18:35;01-08-2024;30-12-2024;"401 (H)";"BEAUXBATON - EDIFICIO B";S;4010;POR;DESIGNAR;0;O
2024-02;hogwarts;"Facultad de Magia y Hechicería";6012;"ESCUELA DE HECHICERÍA";WH236002;"FUNDAMENTOS MAGICOS";20;S;Diurno;35;32;martes;9:45;11:05;01-08-2024;30-12-2024;"AULA B (H)";"HOGWARTS - ";S;6012;DESIGNAR;POR;0;O
2024-02;hogwarts;"Facultad de Magia y Hechicería";6012;"ESCUELA DE HECHICERÍA";WH236002;"FUNDAMENTOS MAGICOS";20;S;Diurno;35;32;martes;11:15;12:35;01-08-2024;30-12-2024;"AULA B (H)";"HOGWARTS - ";S;6012;DESIGNAR;POR;0;O
2024-02;hogwarts;"Facultad de Magia y Hechicería";4010;"ESCUELA DE MAGIA";GH13458;"ESTUDIOS DE DEMONIOS NECROFAGOS  I";40;S;Vespertino;35;32;jueves;18:50;20:10;01-08-2024;30-12-2024;311;"HOGWARTS - TORRE B";S;6666666;Voldemort;SeñorOscuro;"EL INNOMBRABLE";INSD
2024-02;hogwarts;"Facultad de Magia y Hechicería";4010;"ESCUELA DE MAGIA";GH13458;"ESTUDIOS DE DEMONIOS NECROFAGOS  I";40;S;Vespertino;35;32;jueves;20:15;21:35;01-08-2024;30-12-2024;311;"HOGWARTS - TORRE B";S;6666666;Voldemort;SeñorOscuro;"EL INNOMBRABLE";INSD
2024-02;hogwarts;"Facultad de Magia y Hechicería";4010;"ESCUELA DE MAGIA";GH13458;"ESTUDIOS DE DEMONIOS NECROFAGOS  I";40;S;Vespertino;35;32;jueves;21:40;23:00;01-08-2024;30-12-2024;311;"HOGWARTS - TORRE B";S;6666666;Voldemort;SeñorOscuro;"EL INNOMBRABLE";INSD
2024-02;hogwarts;"Facultad de Magia y Hechicería";4010;"ESCUELA DE MAGIA";GH23495;"REUNIÓN MAGICA  II";70;S;Vespertino;15;10;martes;18:50;20:10;01-08-2024;30-12-2024;207;AZKABAN;S;6666666;Voldemort;SeñorOscuro;"EL INNOMBRABLE";INSD
2024-02;hogwarts;"Facultad de Magia y Hechicería";4010;"ESCUELA DE MAGIA";GH23495;"REUNIÓN MAGICA  II";70;S;Vespertino;15;10;martes;20:15;21:35;01-08-2024;30-12-2024;207;"HOGWARTS - TORRE B";S;6666666;Voldemort;SeñorOscuro;"EL INNOMBRABLE";INSD
2024-02;hogwarts;"Facultad de Magia y Hechicería";4010;"ESCUELA DE MAGIA";GH23495;"REUNIÓN MAGICA  II";70;S;Vespertino;15;10;martes;21:40;23:00;01-08-2024;30-12-2024;207;"HOGWARTS - TORRE B";S;6666666;Voldemort;SeñorOscuro;"EL INNOMBRABLE";INSD
2024-02;Beauxbaton;"Facultad de Magia y Hechicería";6012;"ESCUELA DE Hechicería";WH236009;"Hospital San Mungo de Enfermedades y Heridas Mágicas";210;S;Diurno;32;26;lunes;15:45;17:05;01-08-2024;30-12-2024;206;"BEAUXBATON - EDIFICIO A";S;11262739;Alastor;Moody;0;SIN
2024-02;Beauxbaton;"Facultad de Magia y Hechicería";6012;"ESCUELA DE Hechicería";WH236009;"Hospital San Mungo de Enfermedades y Heridas Mágicas";210;S;Diurno;32;26;lunes;17:15;18:35;01-08-2024;30-12-2024;206;"BEAUXBATON - EDIFICIO A";S;11262739;Alastor;Moody;0;SIN
2024-02;hogwarts;"Facultad de Magia y Hechicería";4010;"ESCUELA DE MAGIA";GH13479;"MAGIA BLANCA";10;S;Diurno;50;30;martes;8:15;9:35;01-08-2024;30-12-2024;"308 (H)";"HOGWARTS - ";S;12317173;Alastor;"PITURRA ";0;JC1
2024-02;hogwarts;"Facultad de Magia y Hechicería";4010;"ESCUELA DE MAGIA";GH13479;"MAGIA BLANCA";10;S;Diurno;50;30;martes;9:45;11:05;01-08-2024;30-12-2024;"308 (H)";"HOGWARTS - ";S;12317173;Alastor;"PITURRA ";0;JC1
2024-02;hogwarts;"Facultad de Magia y Hechicería";4010;"ESCUELA DE MAGIA";GH13479;"MAGIA BLANCA";10;S;Diurno;50;30;martes;11:15;12:35;01-08-2024;30-12-2024;"308 (H)";"HOGWARTS - ";S;12317173;Alastor;"PITURRA ";0;JC1
2024-02;hogwarts;"Facultad de Magia y Hechicería";4010;"ESCUELA DE MAGIA";GH13467;"POCIONES I";30;S;Vespertino;40;33;martes;18:50;20:10;01-08-2024;30-12-2024;212;"HOGWARTS - TORRE B";S;14003526;Albus;Dumbledore;0;JC1
2024-02;hogwarts;"Facultad de Magia y Hechicería";4010;"ESCUELA DE MAGIA";GH13467;"POCIONES I";30;S;Vespertino;40;33;martes;20:15;21:35;01-08-2024;30-12-2024;212;"HOGWARTS - TORRE B";S;14003526;Albus;Dumbledore;0;JC1
2024-02;hogwarts;"Facultad de Magia y Hechicería";4010;"ESCUELA DE MAGIA";GH13467;"POCIONES I";30;S;Vespertino;40;33;martes;21:40;23:00;01-08-2024;30-12-2024;212;"HOGWARTS - TORRE B";S;14003526;Albus;Dumbledore;0;JC1
2024-02;hogwarts;"Facultad de Magia y Hechicería";4010;"ESCUELA DE MAGIA";GH13467;"POCIONES I";20;S;Diurno;70;70;jueves;8:15;9:35;01-08-2024;30-12-2024;"AULA D (H)";"HOGWARTS - ";S;14003526;Albus;Dumbledore;0;JC1
2024-02;hogwarts;"Facultad de Magia y Hechicería";4010;"ESCUELA DE MAGIA";GH13467;"POCIONES I";20;S;Diurno;70;70;jueves;9:45;11:05;01-08-2024;30-12-2024;"AULA D (H)";"HOGWARTS - ";S;14003526;Albus;Dumbledore;0;JC1
2024-02;hogwarts;"Facultad de Magia y Hechicería";4010;"ESCUELA DE MAGIA";GH13467;"POCIONES I";20;S;Diurno;70;70;jueves;11:15;12:35;01-08-2024;30-12-2024;"AULA D (H)";"HOGWARTS - ";S;14003526;Albus;Dumbledore;0;JC1
2024-02;Beauxbaton;"Facultad de Magia y Hechicería";6012;"ESCUELA DE Hechicería";WH236023;"PLANIFICACIÓN II";210;S;Diurno;15;13;miércoles;8:15;9:35;01-08-2024;30-12-2024;406;"BEAUXBATON - EDIFICIO B";S;14436822;Alecto;Carrow;DIETZ;SIN
2024-02;Beauxbaton;"Facultad de Magia y Hechicería";6012;"ESCUELA DE Hechicería";WH236023;"PLANIFICACIÓN II";210;S;Diurno;15;13;miércoles;9:45;11:05;01-08-2024;30-12-2024;406;"BEAUXBATON - EDIFICIO B";S;14436822;Alecto;Carrow;DIETZ;SIN
2024-02;hogwarts;"Ministerio de magia";9010;"PROGRAMA DE PÁRCEL";WH23639;"PÁRSEL II";100;S;Vespertino;3;2;martes;18:50;20:10;01-08-2024;31-12-2024;"4 (EX 113) SALA REUNION PÁRCEL";"HOGWARTS - TORRE D";S;15137023;Alicia;Spinnet;0;INSD
2024-02;hogwarts;"Facultad de Magia y Hechicería";4010;"ESCUELA DE MAGIA";GH13459;"TEORIA MAGICA II";10;S;Diurno;75;75;lunes;8:15;9:35;01-08-2024;30-12-2024;"AULA C (H)";"HOGWARTS - ";S;17663505;Amycus;Carrow;JERALDO;TID
2024-02;hogwarts;"Facultad de Magia y Hechicería";4010;"ESCUELA DE MAGIA";GH13459;"TEORIA MAGICA II";10;S;Diurno;75;75;lunes;9:45;11:05;01-08-2024;30-12-2024;"AULA C (H)";"HOGWARTS - ";S;17663505;Amycus;Carrow;JERALDO;TID
2024-02;hogwarts;"Facultad de Magia y Hechicería";4010;"ESCUELA DE MAGIA";GH13459;"TEORIA MAGICA II";10;S;Diurno;75;75;lunes;11:15;12:35;01-08-2024;30-12-2024;"AULA C (H)";"HOGWARTS - ";S;17663505;Amycus;Carrow;JERALDO;TID
2024-02;Beauxbaton;"Facultad de Magia y Hechicería";4010;"ESCUELA DE MAGIA";GH23495;"REUNIÓN MAGICA  II";220;S;Diurno;33;14;viernes;14:15;15:35;01-08-2024;30-12-2024;207;"BEAUXBATON - EDIFICIO A";S;17932239;Angelina;Johnson;0;INSD
2024-02;Beauxbaton;"Facultad de Magia y Hechicería";4010;"ESCUELA DE MAGIA";GH23495;"REUNIÓN MAGICA  II";220;S;Diurno;33;14;viernes;15:45;17:05;01-08-2024;30-12-2024;207;"BEAUXBATON - EDIFICIO A";S;17932239;Angelina;Johnson;0;INSD
2024-02;Beauxbaton;"Facultad de Magia y Hechicería";4010;"ESCUELA DE MAGIA";GH23495;"REUNIÓN MAGICA  II";220;S;Diurno;33;14;viernes;17:15;18:35;01-08-2024;30-12-2024;207;"BEAUXBATON - EDIFICIO A";S;17932239;Angelina;Johnson;0;INSD
2024-02;Beauxbaton;"Facultad de Magia y Hechicería";4010;"ESCUELA DE MAGIA";HP14091;"TALLER DE COMPORTAMIENTO ETICO Y SOCIAL DEL MAGO";210;S;Diurno;43;41;miércoles;15:45;17:05;01-08-2024;31-12-2024;509;"BEAUXBATON - EDIFICIO B";S;17932239;Angelina;Johnson;0;INSD
2024-02;Beauxbaton;"Facultad de Magia y Hechicería";4010;"ESCUELA DE MAGIA";HP14091;"TALLER DE COMPORTAMIENTO ETICO Y SOCIAL DEL MAGO";210;S;Diurno;43;41;miércoles;17:15;18:35;01-08-2024;31-12-2024;509;"BEAUXBATON - EDIFICIO B";S;17932239;Angelina;Johnson;0;INSD
2024-02;Beauxbaton;"Ministerio de magia";9010;"PROGRAMA DE pársel";WH233410;"PÁRSEL III";260;S;Diurno;40;28;martes;11:15;12:35;01-08-2024;31-12-2024;310;"BEAUXBATON - EDIFICIO B";S;18130777;Anthony;Goldstein;GONZÁLEZ;AU
2024-02;Beauxbaton;"Ministerio de magia";9010;"PROGRAMA DE pársel";WH233410;"PÁRSEL III";260;S;Diurno;40;28;martes;12:45;14:05;01-08-2024;31-12-2024;310;"BEAUXBATON - EDIFICIO B";S;18130777;Anthony;Goldstein;GONZÁLEZ;AU
2024-02;hogwarts;"Facultad de Magia y Hechicería";6012;"ESCUELA DE HECHICERÍA";WH236009;"Hospital San Mungo de Enfermedades y Heridas Mágicas";10;S;Diurno;30;13;viernes;14:15;15:35;01-08-2024;30-12-2024;312;"HOGWARTS - TORRE B";S;20117761;Arthur;Weasley;STIPPEL;SIN
2024-02;hogwarts;"Facultad de Magia y Hechicería";4010;"ESCUELA DE MAGIA";GH13461;"ESTUDIOS MUGGLE";20;S;Vespertino;40;12;martes;18:50;20:10;01-08-2024;30-12-2024;213;"HOGWARTS - TORRE B";S;23715659;Aurora;Sinistra;CONTRERAS;JC1
2024-02;hogwarts;"Facultad de Magia y Hechicería";4010;"ESCUELA DE MAGIA";GH13461;"ESTUDIOS MUGGLE";20;S;Vespertino;40;12;martes;20:15;21:35;01-08-2024;30-12-2024;213;"HOGWARTS - TORRE B";S;23715659;Aurora;Sinistra;CONTRERAS;JC1
2024-02;hogwarts;"Facultad de Magia y Hechicería";4010;"ESCUELA DE MAGIA";GH13461;"ESTUDIOS MUGGLE";20;S;Vespertino;40;12;martes;21:40;23:00;01-08-2024;30-12-2024;213;"HOGWARTS - TORRE B";S;23715659;Aurora;Sinistra;CONTRERAS;JC1
2024-02;hogwarts;"Facultad de Magia y Hechicería";4010;"ESCUELA DE MAGIA";GH13461;"ESTUDIOS MUGGLE";10;S;Diurno;70;64;miércoles;8:15;9:35;01-08-2024;30-12-2024;"AULA A (H)";"HOGWARTS - ";S;23715659;Aurora;Sinistra;CONTRERAS;JC1
2024-02;hogwarts;"Facultad de Magia y Hechicería";4010;"ESCUELA DE MAGIA";GH13461;"ESTUDIOS MUGGLE";10;S;Diurno;70;64;miércoles;9:45;11:05;01-08-2024;30-12-2024;"AULA A (H)";"HOGWARTS - ";S;23715659;Aurora;Sinistra;CONTRERAS;JC1
2024-02;hogwarts;"Facultad de Magia y Hechicería";4010;"ESCUELA DE MAGIA";GH13461;"ESTUDIOS MUGGLE";10;S;Diurno;70;64;miércoles;11:15;12:35;01-08-2024;30-12-2024;"AULA A (H)";"HOGWARTS - ";S;23715659;Aurora;Sinistra;CONTRERAS;JC1
2024-02;hogwarts;"Facultad de Magia y Hechicería";6012;"ESCUELA DE HECHICERÍA";WH236003;"Examinador de Aparición I";50;S;Diurno;30;17;martes;14:15;15:35;01-08-2024;30-12-2024;306;"HOGWARTS - TORRE D";S;26287315;Bathsheda;Babbling;0;INSD
2024-02;hogwarts;"Facultad de Magia y Hechicería";6012;"ESCUELA DE HECHICERÍA";WH236003;"Examinador de Aparición I";50;S;Diurno;30;17;martes;15:45;17:05;01-08-2024;30-12-2024;306;"HOGWARTS - TORRE D";S;26287315;Bathsheda;Babbling;0;INSD
2024-02;hogwarts;"Facultad de Magia y Hechicería";4010;"ESCUELA DE MAGIA";HW13977;"TALLER DE CASTELLANO";10;S;Diurno;42;39;viernes;11:15;12:35;01-08-2024;30-12-2024;"9 (H)";"HOGWARTS - TORRE B";S;26800262;Bellatrix;Lestrange;0;INSD
2024-02;hogwarts;"Facultad de Magia y Hechicería";4010;"ESCUELA DE MAGIA";HW13977;"TALLER DE CASTELLANO";10;S;Diurno;42;39;viernes;12:45;14:05;01-08-2024;30-12-2024;"9 (H)";"HOGWARTS - TORRE B";S;26800262;Bellatrix;Lestrange;0;INSD
2024-02;hogwarts;"Ministerio de magia";8020;"Ministerio de magia";HP25151;"CTI: COMUNICACIÓN EFECTIVA E INTERACCIÓN HUMANA";20;S;Diurno;45;45;jueves;15:45;17:05;01-08-2024;30-12-2024;213;"HOGWARTS - TORRE B";S;29097218;Blaise;Zabini;0;SIN
2024-02;hogwarts;"Ministerio de magia";8020;"Ministerio de magia";HP25151;"CTI: COMUNICACIÓN EFECTIVA E INTERACCIÓN HUMANA";30;S;Vespertino;43;31;sábado;11:15;12:35;01-08-2024;30-12-2024;204;"HOGWARTS - TORRE B";S;29097218;Blaise;Zabini;0;SIN
2024-02;hogwarts;"Ministerio de magia";8020;"Ministerio de magia";HP25151;"CTI: COMUNICACIÓN EFECTIVA E INTERACCIÓN HUMANA";50;S;Diurno;44;44;martes;14:15;15:35;01-08-2024;31-12-2024;312;"HOGWARTS - TORRE B";S;29097218;Blaise;Zabini;0;SIN
2024-02;hogwarts;"Ministerio de magia";9010;"PROGRAMA DE PÁRCEL";WH23639;"PÁRSEL II";20;S;Diurno;40;34;viernes;9:45;11:05;01-08-2024;31-12-2024;204;"HOGWARTS - TORRE D";S;30762778;Cedric;Diggory;PARDO;SIN
2024-02;hogwarts;"Ministerio de magia";9010;"PROGRAMA DE PÁRCEL";WH23639;"PÁRSEL II";20;S;Diurno;40;34;viernes;11:15;12:35;01-08-2024;31-12-2024;204;"HOGWARTS - TORRE D";S;30762778;Cedric;Diggory;PARDO;SIN
2024-02;Beauxbaton;"Ministerio de magia";9010;"PROGRAMA DE pársel";WH23637;"PÁRSEL I";280;S;Diurno;59;48;jueves;11:15;12:35;01-08-2024;30-12-2024;310;"BEAUXBATON - EDIFICIO B";S;33556399;Charity;Burbage;BROCHET;SIN
2024-02;Beauxbaton;"Ministerio de magia";9010;"PROGRAMA DE pársel";WH23637;"PÁRSEL I";280;S;Diurno;59;48;jueves;12:45;14:05;01-08-2024;30-12-2024;310;"BEAUXBATON - EDIFICIO B";S;33556399;Charity;Burbage;BROCHET;SIN
2024-02;Beauxbaton;"Ministerio de magia";9010;"PROGRAMA DE pársel";WH23639;"PÁRSEL II";240;S;Diurno;49;37;jueves;8:15;9:35;01-08-2024;30-12-2024;"207 (H)";"BEAUXBATON - EDIFICIO B";S;33556399;Charity;Burbage;BROCHET;SIN
2024-02;Beauxbaton;"Ministerio de magia";9010;"PROGRAMA DE pársel";WH23639;"PÁRSEL II";220;S;Diurno;45;35;miércoles;12:45;14:05;01-08-2024;30-12-2024;"413 (H)";"BEAUXBATON - EDIFICIO B";S;33556399;Charity;Burbage;BROCHET;SIN
2024-02;hogwarts;"Ministerio de magia";8020;"Ministerio de magia";HP25152;"CTI: USABILIDAD";10;S;Diurno;40;40;martes;9:45;11:05;01-08-2024;30-12-2024;210;"HOGWARTS - TORRE B";S;33977706;Cho;Chang;0;ATD
2024-02;hogwarts;"Ministerio de magia";8020;"Ministerio de magia";HP25152;"CTI: USABILIDAD";20;S;Diurno;42;42;martes;11:15;12:35;01-08-2024;30-12-2024;211;"HOGWARTS - TORRE B";S;33977706;Cho;Chang;0;ATD
2024-02;hogwarts;"Ministerio de magia";8020;"Ministerio de magia";HP25152;"CTI: USABILIDAD";30;S;Diurno;41;41;martes;12:45;14:05;01-08-2024;30-12-2024;417;"HOGWARTS - TORRE B";S;33977706;Cho;Chang;0;ATD
2024-02;Beauxbaton;"Ministerio de magia";8020;"Ministerio de magia";HP25152;"CTI: USABILIDAD";220;S;Diurno;37;37;viernes;14:15;15:35;01-08-2024;30-12-2024;510;"BEAUXBATON - EDIFICIO B";S;36487208;Colin;Creevey;"PÉREZ ";ATD
2024-02;Beauxbaton;"Ministerio de magia";8020;"Ministerio de magia";HP25152;"CTI: USABILIDAD";230;S;Diurno;37;37;viernes;15:45;17:05;01-08-2024;30-12-2024;510;"BEAUXBATON - EDIFICIO B";S;36487208;Colin;Creevey;"PÉREZ ";ATD
2024-02;hogwarts;"Facultad de Magia y Hechicería";4010;"ESCUELA DE MAGIA";GH23494;"PREPARACIÓN T.I.M.O";30;S;Vespertino;15;6;viernes;18:50;20:10;01-08-2024;30-12-2024;204;"HOGWARTS - TORRE B";S;36638287;Cormac;McLaggen;LARROUCAU;JC1
2024-02;hogwarts;"Facultad de Magia y Hechicería";4010;"ESCUELA DE MAGIA";GH23494;"PREPARACIÓN T.I.M.O";30;S;Vespertino;15;6;viernes;20:15;21:35;01-08-2024;30-12-2024;204;"HOGWARTS - TORRE B";S;36638287;Cormac;McLaggen;LARROUCAU;JC1
2024-02;hogwarts;"Facultad de Magia y Hechicería";4010;"ESCUELA DE MAGIA";GH23494;"PREPARACIÓN T.I.M.O";30;S;Vespertino;15;6;viernes;21:40;23:00;01-08-2024;30-12-2024;204;"HOGWARTS - TORRE B";S;36638287;Cormac;McLaggen;LARROUCAU;JC1
2024-02;hogwarts;"Facultad de Magia y Hechicería";4010;"ESCUELA DE MAGIA";GH23494;"PREPARACIÓN T.I.M.O";10;S;Diurno;20;18;jueves;8:15;9:35;01-08-2024;30-12-2024;304;"HOGWARTS - TORRE B";S;36638287;Cormac;McLaggen;LARROUCAU;JC1
2024-02;hogwarts;"Facultad de Magia y Hechicería";4010;"ESCUELA DE MAGIA";GH23494;"PREPARACIÓN T.I.M.O";10;S;Diurno;20;18;jueves;9:45;11:05;01-08-2024;30-12-2024;304;"HOGWARTS - TORRE B";S;36638287;Cormac;McLaggen;LARROUCAU;JC1
2024-02;hogwarts;"Facultad de Magia y Hechicería";4010;"ESCUELA DE MAGIA";GH23494;"PREPARACIÓN T.I.M.O";10;S;Diurno;20;18;jueves;11:15;12:35;01-08-2024;30-12-2024;304;"HOGWARTS - TORRE B";S;36638287;Cormac;McLaggen;LARROUCAU;JC1
2024-02;hogwarts;"Facultad de Magia y Hechicería";6012;"ESCUELA DE HECHICERÍA";WH236031;"Examinador de Aparición VII";20;S;Diurno;13;7;viernes;9:45;11:05;01-08-2024;30-12-2024;207;"HOGWARTS - TORRE B";S;37452082;Cornelius;Fudge;VARGAS;JC1
2024-02;hogwarts;"Facultad de Magia y Hechicería";6012;"ESCUELA DE HECHICERÍA";WH236031;"Examinador de Aparición VII";20;S;Diurno;13;7;viernes;11:15;12:35;01-08-2024;30-12-2024;207;"HOGWARTS - TORRE B";S;37452082;Cornelius;Fudge;VARGAS;JC1
2024-02;hogwarts;"Facultad de Magia y Hechicería";4010;"ESCUELA DE MAGIA";GH13509;"ARTES OSCURAS II";50;S;Diurno;20;7;miércoles;8:15;9:35;01-08-2024;30-12-2024;"AULA C (H)";"HOGWARTS - ";S;38307076;Cuthbert;Binns;0;SIN
2024-02;hogwarts;"Facultad de Magia y Hechicería";4010;"ESCUELA DE MAGIA";GH13509;"ARTES OSCURAS II";50;S;Diurno;20;7;miércoles;9:45;11:05;01-08-2024;30-12-2024;"AULA C (H)";"HOGWARTS - ";S;38307076;Cuthbert;Binns;0;SIN
2024-02;hogwarts;"Facultad de Magia y Hechicería";4010;"ESCUELA DE MAGIA";GH13509;"ARTES OSCURAS II";50;S;Diurno;20;7;miércoles;11:15;12:35;01-08-2024;30-12-2024;"AULA C (H)";"HOGWARTS - ";S;38307076;Cuthbert;Binns;0;SIN
2024-02;Beauxbaton;"Facultad de Magia y Hechicería";6012;"ESCUELA DE Hechicería";WH236019;"ESTRATEGIAS INNOVADORAS PARA  ENCANTAR";210;S;Diurno;15;13;lunes;11:15;12:35;01-08-2024;30-12-2024;505;"BEAUXBATON - EDIFICIO B";S;38410052;Daphne;Greengrass;0;INSD
2024-02;Beauxbaton;"Facultad de Magia y Hechicería";6012;"ESCUELA DE Hechicería";WH236019;"ESTRATEGIAS INNOVADORAS PARA  ENCANTAR";210;S;Diurno;15;13;lunes;12:45;14:05;01-08-2024;30-12-2024;505;"BEAUXBATON - EDIFICIO B";S;38410052;Daphne;Greengrass;0;INSD
2024-02;Beauxbaton;"Facultad de Magia y Hechicería";6012;"ESCUELA DE Hechicería";WH236032;" CONCURSO DE ESCUELAS";210;S;Diurno;17;15;martes;11:15;12:35;01-08-2024;30-12-2024;Library;"BEAUXBATON - EDIFICIO A";S;38410052;Daphne;Greengrass;0;INSD
2024-02;Beauxbaton;"Facultad de Magia y Hechicería";6012;"ESCUELA DE Hechicería";WH236032;" CONCURSO DE ESCUELAS";210;S;Diurno;17;15;martes;12:45;14:05;01-08-2024;30-12-2024;Library;"BEAUXBATON - EDIFICIO A";S;38410052;Daphne;Greengrass;0;INSD
2024-02;hogwarts;"Facultad de Magia y Hechicería";6012;"ESCUELA DE HECHICERÍA";WH236011;"ANÁLISIS DE INFORMACIÓN ASTROLOGICA";10;S;Diurno;30;30;martes;9:45;11:05;01-08-2024;30-12-2024;"AULA E";"HOGWARTS - ";S;41647869;Dean;Thomas;0;ATD
2024-02;hogwarts;"Facultad de Magia y Hechicería";6012;"ESCUELA DE HECHICERÍA";WH236011;"ANÁLISIS DE INFORMACIÓN ASTROLOGICA";10;S;Diurno;30;30;martes;11:15;12:35;01-08-2024;30-12-2024;"AULA E";"HOGWARTS - ";S;41647869;Dean;Thomas;0;ATD
2024-02;hogwarts;"Facultad de Magia y Hechicería";6012;"ESCUELA DE HECHICERÍA";WH236011;"ANÁLISIS DE INFORMACIÓN ASTROLOGICA";20;S;Diurno;30;11;martes;14:15;15:35;01-08-2024;30-12-2024;"AULA E";"HOGWARTS - ";S;41647869;Dean;Thomas;0;ATD
2024-02;hogwarts;"Facultad de Magia y Hechicería";6012;"ESCUELA DE HECHICERÍA";WH236011;"ANÁLISIS DE INFORMACIÓN ASTROLOGICA";20;S;Diurno;30;11;martes;15:45;17:05;01-08-2024;30-12-2024;"AULA E";"HOGWARTS - ";S;41647869;Dean;Thomas;0;ATD
2024-02;hogwarts;"Facultad de Magia y Hechicería";4010;"ESCUELA DE MAGIA";GH13946;"ELECTIVO AREA: MEDICINA LEGAL";20;S;Vespertino;27;11;miércoles;18:50;20:10;01-08-2024;30-12-2024;"209 (H)";"HOGWARTS - TORRE B";S;44802483;Dennis;Creevey;0;ASD
2024-02;hogwarts;"Facultad de Magia y Hechicería";4010;"ESCUELA DE MAGIA";GH13946;"ELECTIVO AREA: MEDICINA LEGAL";20;S;Vespertino;27;11;miércoles;20:15;21:35;01-08-2024;30-12-2024;"209 (H)";"HOGWARTS - TORRE B";S;44802483;Dennis;Creevey;0;ASD
2024-02;hogwarts;"Facultad de Magia y Hechicería";4010;"ESCUELA DE MAGIA";GH13946;"ELECTIVO AREA: MEDICINA LEGAL";10;S;Diurno;20;17;miércoles;15:45;17:05;01-08-2024;30-12-2024;308;"HOGWARTS - TORRE B";S;44802483;Dennis;Creevey;0;ASD
2024-02;hogwarts;"Facultad de Magia y Hechicería";4010;"ESCUELA DE MAGIA";GH13946;"ELECTIVO AREA: MEDICINA LEGAL";10;S;Diurno;20;17;miércoles;17:15;18:35;01-08-2024;30-12-2024;308;"HOGWARTS - TORRE B";S;44802483;Dennis;Creevey;0;ASD
2024-02;hogwarts;"Facultad de Magia y Hechicería";4010;"ESCUELA DE MAGIA";GH13468;"ENCANTAMIENTOS  III";40;S;Vespertino;20;15;miércoles;18:50;20:10;01-08-2024;30-12-2024;216;"HOGWARTS - TORRE B";S;45197848;DESIGNAR;POR;0;JC1
2024-02;hogwarts;"Facultad de Magia y Hechicería";4010;"ESCUELA DE MAGIA";GH13468;"ENCANTAMIENTOS  III";40;S;Vespertino;20;15;miércoles;20:15;21:35;01-08-2024;30-12-2024;216;"HOGWARTS - TORRE B";S;45197848;DESIGNAR;POR;0;JC1
2024-02;hogwarts;"Facultad de Magia y Hechicería";4010;"ESCUELA DE MAGIA";GH13468;"ENCANTAMIENTOS  III";40;S;Vespertino;20;15;miércoles;21:40;23:00;01-08-2024;30-12-2024;216;"HOGWARTS - TORRE B";S;45197848;DESIGNAR;POR;0;JC1
2024-02;hogwarts;"Ministerio de magia";8020;"Ministerio de magia";PH110059;"CTI: COMPETENCIAS DE LIDERAZGO MAGICO";30;S;Diurno;42;42;martes;15:45;17:05;01-08-2024;30-12-2024;210;"HOGWARTS - TORRE B";S;46423089;Dolores;Umbridge;0;ATD
2024-02;hogwarts;"Ministerio de magia";8020;"Ministerio de magia";PH110059;"CTI: COMPETENCIAS DE LIDERAZGO MAGICO";60;S;Diurno;35;32;martes;14:15;15:35;01-08-2024;31-12-2024;317;"HOGWARTS - TORRE B";S;46423089;Dolores;Umbridge;0;ATD
2024-02;hogwarts;"Facultad de Magia y Hechicería";6012;"ESCUELA DE HECHICERÍA";WH13143;"TIMOS Título Indispensable de Magia Ordinaria";30;I;Diurno;15;3;martes;17:15;18:35;01-08-2024;30-12-2024;306;"HOGWARTS - TORRE B";S;46552732;Dolores;Umbridge;0;JC1
2024-02;hogwarts;"Facultad de Magia y Hechicería";6012;"ESCUELA DE HECHICERÍA";WH13143;"TIMOS Título Indispensable de Magia Ordinaria";30;I;Diurno;15;3;martes;18:50;20:10;01-08-2024;30-12-2024;306;"HOGWARTS - TORRE B";S;46552732;Dolores;Umbridge;0;JC1
2024-02;hogwarts;"Facultad de Magia y Hechicería";6012;"ESCUELA DE HECHICERÍA";WH236021;"Examinador de Aparición V";10;S;Diurno;11;11;martes;9:45;11:05;01-08-2024;30-12-2024;205;"HOGWARTS - TORRE B";S;46552732;Dolores;Umbridge;0;JC1
2024-02;hogwarts;"Facultad de Magia y Hechicería";6012;"ESCUELA DE HECHICERÍA";WH236021;"Examinador de Aparición V";10;S;Diurno;11;11;martes;11:15;12:35;01-08-2024;30-12-2024;205;"HOGWARTS - TORRE B";S;46552732;Dolores;Umbridge;0;JC1
2024-02;hogwarts;"Ministerio de magia";9010;"PROGRAMA DE PÁRCEL";WH23637;"PÁRSEL I";70;S;Diurno;38;38;martes;8:15;9:35;01-08-2024;30-12-2024;416;"HOGWARTS - TORRE B";S;47906343;Draco;Malfoy;0;JT1
2024-02;hogwarts;"Ministerio de magia";9010;"PROGRAMA DE PÁRCEL";WH233410;"PÁRSEL III";60;S;Diurno;20;13;lunes;14:15;15:35;01-08-2024;30-12-2024;"103 (EX 116) (H)";"HOGWARTS - TORRE D";S;47906343;Draco;Malfoy;0;JT1
2024-02;hogwarts;"Ministerio de magia";9010;"PROGRAMA DE PÁRCEL";WH233410;"PÁRSEL III";60;S;Diurno;20;13;lunes;15:45;17:05;01-08-2024;30-12-2024;"103 (EX 116) (H)";"HOGWARTS - TORRE D";S;47906343;Draco;Malfoy;0;JT1
2024-02;hogwarts;"Facultad de Magia y Hechicería";4010;"ESCUELA DE MAGIA";GH23492;"REUNIÓN MAGICA I";20;S;Diurno;20;14;jueves;14:15;15:35;01-08-2024;30-12-2024;416;"HOGWARTS - TORRE B";S;50846516;Dudley;Dursley;AGUILERA;ATD
2024-02;hogwarts;"Facultad de Magia y Hechicería";4010;"ESCUELA DE MAGIA";GH23492;"REUNIÓN MAGICA I";20;S;Diurno;20;14;jueves;15:45;17:05;01-08-2024;30-12-2024;416;"HOGWARTS - TORRE B";S;50846516;Dudley;Dursley;AGUILERA;ATD
2024-02;hogwarts;"Facultad de Magia y Hechicería";4010;"ESCUELA DE MAGIA";GH23492;"REUNIÓN MAGICA I";20;S;Diurno;20;14;jueves;17:15;18:35;01-08-2024;30-12-2024;416;"HOGWARTS - TORRE B";S;50846516;Dudley;Dursley;AGUILERA;ATD
2024-02;hogwarts;"Facultad de Magia y Hechicería";4010;"ESCUELA DE MAGIA";GH13509;"ARTES OSCURAS II";70;S;Vespertino;16;3;jueves;18:50;20:10;01-08-2024;30-12-2024;201;"HOGWARTS - TORRE B";S;50846516;Dudley;Dursley;AGUILERA;ATD
2024-02;hogwarts;"Facultad de Magia y Hechicería";4010;"ESCUELA DE MAGIA";GH13509;"ARTES OSCURAS II";70;S;Vespertino;16;3;jueves;20:15;21:35;01-08-2024;30-12-2024;201;"HOGWARTS - TORRE B";S;50846516;Dudley;Dursley;AGUILERA;ATD
2024-02;hogwarts;"Facultad de Magia y Hechicería";4010;"ESCUELA DE MAGIA";GH13509;"ARTES OSCURAS II";70;S;Vespertino;16;3;jueves;21:40;23:00;01-08-2024;30-12-2024;201;"HOGWARTS - TORRE B";S;50846516;Dudley;Dursley;AGUILERA;ATD
2024-02;Beauxbaton;"Facultad de Magia y Hechicería";4010;"ESCUELA DE MAGIA";GH13467;"POCIONES I";220;S;Diurno;55;51;martes;14:15;15:35;01-08-2024;30-12-2024;"102 (H)";"BEAUXBATON - EDIFICIO A";S;52199394;Ernie;Macmillan;0;ASD
2024-02;Beauxbaton;"Facultad de Magia y Hechicería";4010;"ESCUELA DE MAGIA";GH13467;"POCIONES I";220;S;Diurno;55;51;martes;15:45;17:05;01-08-2024;30-12-2024;"102 (H)";"BEAUXBATON - EDIFICIO A";S;52199394;Ernie;Macmillan;0;ASD
2024-02;Beauxbaton;"Facultad de Magia y Hechicería";4010;"ESCUELA DE MAGIA";GH13467;"POCIONES I";220;S;Diurno;55;51;martes;17:15;18:35;01-08-2024;30-12-2024;"102 (H)";"BEAUXBATON - EDIFICIO A";S;52199394;Ernie;Macmillan;0;ASD
2024-02;Beauxbaton;"Ministerio de magia";9010;"PROGRAMA DE pársel";WH23637;"PÁRSEL I";240;S;Diurno;45;45;miércoles;9:45;11:05;01-08-2024;30-12-2024;"507 (H)";"BEAUXBATON - EDIFICIO B";S;54966881;Filius;Flitwick;0;SIN
2024-02;Beauxbaton;"Ministerio de magia";9010;"PROGRAMA DE pársel";WH233410;"PÁRSEL III";240;S;Diurno;45;26;martes;17:15;18:35;01-08-2024;30-12-2024;"408 (H)";"BEAUXBATON - EDIFICIO B";S;54966881;Filius;Flitwick;0;SIN
2024-02;Beauxbaton;"Ministerio de magia";9010;"PROGRAMA DE pársel";WH233410;"PÁRSEL III";240;S;Diurno;45;26;martes;18:50;20:10;01-08-2024;30-12-2024;"408 (H)";"BEAUXBATON - EDIFICIO B";S;54966881;Filius;Flitwick;0;SIN
2024-02;hogwarts;"Facultad de Magia y Hechicería";4010;"ESCUELA DE MAGIA";GH23494;"PREPARACIÓN T.I.M.O";20;S;Diurno;18;8;lunes;14:15;15:35;01-08-2024;30-12-2024;302;"HOGWARTS - TORRE B";S;55077408;Firenze;0;0;JC1
2024-02;hogwarts;"Facultad de Magia y Hechicería";4010;"ESCUELA DE MAGIA";GH23494;"PREPARACIÓN T.I.M.O";20;S;Diurno;18;8;lunes;15:35;17:05;01-08-2024;30-12-2024;302;"HOGWARTS - TORRE B";S;55077408;Firenze;0;0;JC1
2024-02;hogwarts;"Facultad de Magia y Hechicería";4010;"ESCUELA DE MAGIA";GH23494;"PREPARACIÓN T.I.M.O";20;S;Diurno;18;8;lunes;17:15;18:35;01-08-2024;30-12-2024;302;"HOGWARTS - TORRE B";S;55077408;Firenze;0;0;JC1
2024-02;hogwarts;"Facultad de Magia y Hechicería";4010;"ESCUELA DE MAGIA";GH23495;"REUNIÓN MAGICA  II";40;S;Diurno;20;20;martes;8:15;9:35;01-08-2024;30-12-2024;207;"HOGWARTS - TORRE D";S;55310052;Fleur;Delacour;0;JC1
2024-02;hogwarts;"Facultad de Magia y Hechicería";4010;"ESCUELA DE MAGIA";GH23495;"REUNIÓN MAGICA  II";40;S;Diurno;20;20;martes;9:45;11:05;01-08-2024;30-12-2024;207;"HOGWARTS - TORRE D";S;55310052;Fleur;Delacour;0;JC1
2024-02;hogwarts;"Facultad de Magia y Hechicería";4010;"ESCUELA DE MAGIA";GH23495;"REUNIÓN MAGICA  II";40;S;Diurno;20;20;martes;11:15;12:35;01-08-2024;30-12-2024;207;"HOGWARTS - TORRE D";S;55310052;Fleur;Delacour;0;JC1
2024-02;hogwarts;"Facultad de Magia y Hechicería";4010;"ESCUELA DE MAGIA";HP24090;"TALLER DE LIBRO REGLAMENTARIO DE HECHIZOS";10;S;Diurno;20;19;viernes;8:15;9:35;01-08-2024;30-12-2024;"209 (H)";"HOGWARTS - TORRE B";S;55310052;Fleur;Delacour;0;JC1
2024-02;hogwarts;"Facultad de Magia y Hechicería";4010;"ESCUELA DE MAGIA";HP24090;"TALLER DE LIBRO REGLAMENTARIO DE HECHIZOS";10;S;Diurno;20;19;viernes;9:45;11:05;01-08-2024;30-12-2024;"209 (H)";"HOGWARTS - TORRE B";S;55310052;Fleur;Delacour;0;JC1
2024-02;hogwarts;"Facultad de Magia y Hechicería";4010;"ESCUELA DE MAGIA";GH24441;"ESTUDIOS DE DEMONIOS NECROFAGOS  VI";20;S;Vespertino;30;12;jueves;18:50;20:10;01-08-2024;30-12-2024;410;"HOGWARTS - TORRE B";S;55310052;Fleur;Delacour;0;JC1
2024-02;hogwarts;"Facultad de Magia y Hechicería";4010;"ESCUELA DE MAGIA";GH24441;"ESTUDIOS DE DEMONIOS NECROFAGOS  VI";20;S;Vespertino;30;12;jueves;20:15;21:35;01-08-2024;30-12-2024;410;"HOGWARTS - TORRE B";S;55310052;Fleur;Delacour;0;JC1
2024-02;hogwarts;"Facultad de Magia y Hechicería";4010;"ESCUELA DE MAGIA";GH13457;"ENCANTAMIENTOS  I";30;S;Diurno;75;75;lunes;14:15;15:35;01-08-2024;30-12-2024;"AULA D (H)";"HOGWARTS - ";S;56320673;George;Weasley;DIAZ;JC1
2024-02;hogwarts;"Facultad de Magia y Hechicería";4010;"ESCUELA DE MAGIA";GH13457;"ENCANTAMIENTOS  I";30;S;Diurno;75;75;lunes;15:45;17:05;01-08-2024;30-12-2024;"AULA D (H)";"HOGWARTS - ";S;56320673;George;Weasley;DIAZ;JC1
2024-02;hogwarts;"Facultad de Magia y Hechicería";4010;"ESCUELA DE MAGIA";GH13457;"ENCANTAMIENTOS  I";30;S;Diurno;75;75;lunes;17:15;18:35;01-08-2024;30-12-2024;"AULA D (H)";"HOGWARTS - ";S;56320673;George;Weasley;DIAZ;JC1
2024-02;hogwarts;"Facultad de Magia y Hechicería";4010;"ESCUELA DE MAGIA";HP14148;"TALLER DE POCIONES";10;S;Diurno;35;35;jueves;8:15;9:35;01-08-2024;30-12-2024;211;"HOGWARTS - TORRE B";S;56320673;George;Weasley;DIAZ;JC1
2024-02;hogwarts;"Facultad de Magia y Hechicería";4010;"ESCUELA DE MAGIA";HP14148;"TALLER DE POCIONES";10;S;Diurno;35;35;jueves;9:45;11:05;01-08-2024;30-12-2024;211;"HOGWARTS - TORRE B";S;56320673;George;Weasley;DIAZ;JC1
2024-02;hogwarts;"Facultad de Magia y Hechicería";4010;"ESCUELA DE MAGIA";GH13489;OROCRUX;10;S;Diurno;60;55;viernes;8:15;9:35;01-08-2024;30-12-2024;"AULA A (H)";"HOGWARTS - ";S;56799171;Gilderoy;Lockhart;MICHEA;ATD
2024-02;hogwarts;"Facultad de Magia y Hechicería";4010;"ESCUELA DE MAGIA";GH13489;OROCRUX;10;S;Diurno;60;55;viernes;9:45;11:05;01-08-2024;30-12-2024;"AULA A (H)";"HOGWARTS - ";S;56799171;Gilderoy;Lockhart;MICHEA;ATD
2024-02;hogwarts;"Facultad de Magia y Hechicería";4010;"ESCUELA DE MAGIA";GH13489;OROCRUX;10;S;Diurno;60;55;viernes;11:15;12:35;01-08-2024;30-12-2024;"AULA A (H)";"HOGWARTS - ";S;56799171;Gilderoy;Lockhart;MICHEA;ATD
2024-02;Beauxbaton;"Facultad de Magia y Hechicería";6012;"ESCUELA DE Hechicería";WH233412;"OPTATIVO DE FACULTAD II";210;S;Diurno;17;14;miércoles;11:15;12:35;01-08-2024;30-12-2024;407;"BEAUXBATON - EDIFICIO B";S;59354276;"Godric ";Gryffindor;0;SIN
2024-02;Beauxbaton;"Facultad de Magia y Hechicería";6012;"ESCUELA DE Hechicería";WH233412;"OPTATIVO DE FACULTAD II";210;S;Diurno;17;14;miércoles;12:45;14:05;01-08-2024;30-12-2024;407;"BEAUXBATON - EDIFICIO B";S;59354276;"Godric ";Gryffindor;0;SIN
2024-02;hogwarts;"Facultad de Magia y Hechicería";4010;"ESCUELA DE MAGIA";GH13456;"MAGIA POLITICA";30;S;Diurno;60;59;jueves;8:15;9:35;01-08-2024;30-12-2024;"210 (H)";"HOGWARTS - TORRE D";S;61624006;Gregory;Goyle;0;INSR
2024-02;hogwarts;"Facultad de Magia y Hechicería";4010;"ESCUELA DE MAGIA";GH13456;"MAGIA POLITICA";30;S;Diurno;60;59;jueves;9:45;11:05;01-08-2024;30-12-2024;"210 (H)";"HOGWARTS - TORRE D";S;61624006;Gregory;Goyle;0;INSR
2024-02;hogwarts;"Facultad de Magia y Hechicería";4010;"ESCUELA DE MAGIA";GH13456;"MAGIA POLITICA";30;S;Diurno;60;59;jueves;11:15;12:35;01-08-2024;30-12-2024;"210 (H)";"HOGWARTS - TORRE D";S;61624006;Gregory;Goyle;0;INSR
2024-02;Beauxbaton;"Ministerio de magia";9010;"PROGRAMA DE pársel";WH23637;"PÁRSEL I";220;S;Diurno;41;41;lunes;15:45;17:05;01-08-2024;30-12-2024;204;"BEAUXBATON - EDIFICIO A";S;62216545;Hannah;Abbott;0;SIN
2024-02;Beauxbaton;"Ministerio de magia";9010;"PROGRAMA DE pársel";WH23637;"PÁRSEL I";220;S;Diurno;41;41;lunes;17:15;18:35;01-08-2024;30-12-2024;204;"BEAUXBATON - EDIFICIO A";S;62216545;Hannah;Abbott;0;SIN
2024-02;Beauxbaton;"Ministerio de magia";9010;"PROGRAMA DE pársel";WH23637;"PÁRSEL I";260;S;Diurno;49;46;viernes;14:15;15:35;01-08-2024;30-12-2024;"413 (H)";"BEAUXBATON - EDIFICIO B";S;62216545;Hannah;Abbott;0;SIN
2024-02;Beauxbaton;"Facultad de Magia y Hechicería";4010;"ESCUELA DE MAGIA";GH13985;"ELECTIVO AREA:  MAGIA INTERNACIONAL PRIVADA";210;S;Diurno;35;24;viernes;8:15;9:35;01-08-2024;31-12-2024;202;"BEAUXBATON - EDIFICIO A";S;62262145;Harry;Potter;TORRALBO;ATD
2024-02;Beauxbaton;"Facultad de Magia y Hechicería";4010;"ESCUELA DE MAGIA";GH13985;"ELECTIVO AREA:  MAGIA INTERNACIONAL PRIVADA";210;S;Diurno;35;24;viernes;9:45;11:05;01-08-2024;31-12-2024;202;"BEAUXBATON - EDIFICIO A";S;62262145;Harry;Potter;TORRALBO;ATD
2024-02;hogwarts;"Facultad de Magia y Hechicería";6012;"ESCUELA DE HECHICERÍA";WH236022;"ANÁLISIS DE INFORMACIÓN ASTRONOMICA";10;S;Diurno;25;7;jueves;14:15;15:35;01-08-2024;30-12-2024;410;"HOGWARTS - TORRE B";S;62513980;"Helga ";Hufflepuff;0;ATD
2024-02;hogwarts;"Facultad de Magia y Hechicería";6012;"ESCUELA DE HECHICERÍA";WH236022;"ANÁLISIS DE INFORMACIÓN ASTRONOMICA";10;S;Diurno;25;7;jueves;15:45;17:05;01-08-2024;30-12-2024;410;"HOGWARTS - TORRE B";S;62513980;"Helga ";Hufflepuff;0;ATD
2024-02;hogwarts;"Facultad de Magia y Hechicería";6012;"ESCUELA DE HECHICERÍA";WH236036;"PREPARACIÓN T.I.M.O II";30;S;Diurno;10;7;miércoles;9:45;11:05;01-08-2024;30-12-2024;306;"HOGWARTS - TORRE B";S;62513980;"Helga ";Hufflepuff;0;ATD
2024-02;hogwarts;"Facultad de Magia y Hechicería";6012;"ESCUELA DE HECHICERÍA";WH236036;"PREPARACIÓN T.I.M.O II";30;S;Diurno;10;7;miércoles;11:15;12:35;01-08-2024;30-12-2024;306;"HOGWARTS - TORRE B";S;62513980;"Helga ";Hufflepuff;0;ATD
2024-02;hogwarts;"Facultad de Magia y Hechicería";4010;"ESCUELA DE MAGIA";GH13475;"ESTUDIOS DE DEMONIOS NECROFAGOS  IV";10;S;Vespertino;40;9;jueves;18:50;20:10;01-08-2024;30-12-2024;315;"HOGWARTS - TORRE B";S;62727229;Hermione;Granger;0;ASD
2024-02;hogwarts;"Facultad de Magia y Hechicería";4010;"ESCUELA DE MAGIA";GH13475;"ESTUDIOS DE DEMONIOS NECROFAGOS  IV";10;S;Vespertino;40;9;jueves;20:15;21:35;01-08-2024;30-12-2024;315;"HOGWARTS - TORRE B";S;62727229;Hermione;Granger;0;ASD
2024-02;hogwarts;"Facultad de Magia y Hechicería";4010;"ESCUELA DE MAGIA";GH13475;"ESTUDIOS DE DEMONIOS NECROFAGOS  IV";10;S;Vespertino;40;9;jueves;21:40;23:00;01-08-2024;30-12-2024;315;"HOGWARTS - TORRE B";S;62727229;Hermione;Granger;0;ASD
2024-02;hogwarts;"Facultad de Magia y Hechicería";4010;"ESCUELA DE MAGIA";GH13487;"ESTUDIOS DE DEMONIOS NECROFAGOS  V";10;S;Diurno;60;55;jueves;14:15;15:35;01-08-2024;30-12-2024;"AULA A (H)";"HOGWARTS - ";S;62727229;Hermione;Granger;0;ASD
2024-02;hogwarts;"Facultad de Magia y Hechicería";4010;"ESCUELA DE MAGIA";GH13487;"ESTUDIOS DE DEMONIOS NECROFAGOS  V";10;S;Diurno;60;55;jueves;15:45;17:05;01-08-2024;30-12-2024;"AULA A (H)";"HOGWARTS - ";S;62727229;Hermione;Granger;0;ASD
2024-02;hogwarts;"Facultad de Magia y Hechicería";4010;"ESCUELA DE MAGIA";GH13487;"ESTUDIOS DE DEMONIOS NECROFAGOS  V";10;S;Diurno;60;55;jueves;17:15;18:35;01-08-2024;30-12-2024;"AULA A (H)";"HOGWARTS - ";S;62727229;Hermione;Granger;0;ASD
2024-02;Beauxbaton;"Facultad de Magia y Hechicería";4010;"ESCUELA DE MAGIA";HW13977;"TALLER DE CASTELLANO";210;S;Diurno;35;34;lunes;15:45;17:05;01-08-2024;31-12-2024;208;"BEAUXBATON - EDIFICIO A";S;63575658;James;Potter;REYES;SIN
2024-02;Beauxbaton;"Facultad de Magia y Hechicería";4010;"ESCUELA DE MAGIA";HW13977;"TALLER DE CASTELLANO";210;S;Diurno;35;34;lunes;17:15;18:35;01-08-2024;31-12-2024;208;"BEAUXBATON - EDIFICIO A";S;63575658;James;Potter;REYES;SIN
2024-02;Beauxbaton;"Facultad de Magia y Hechicería";4010;"ESCUELA DE MAGIA";GH13480;"ENCANTAMIENTOS  V";210;S;Diurno;50;49;martes;14:15;15:35;01-08-2024;30-12-2024;205;"BEAUXBATON - EDIFICIO A";S;65751279;Justin;Finch-Fletchley;0;TID
2024-02;Beauxbaton;"Facultad de Magia y Hechicería";4010;"ESCUELA DE MAGIA";GH13480;"ENCANTAMIENTOS  V";210;S;Diurno;50;49;martes;15:45;17:05;01-08-2024;30-12-2024;205;"BEAUXBATON - EDIFICIO A";S;65751279;Justin;Finch-Fletchley;0;TID
2024-02;Beauxbaton;"Facultad de Magia y Hechicería";4010;"ESCUELA DE MAGIA";GH13480;"ENCANTAMIENTOS  V";210;S;Diurno;50;49;martes;17:15;18:35;01-08-2024;30-12-2024;205;"BEAUXBATON - EDIFICIO A";S;65751279;Justin;Finch-Fletchley;0;TID
2024-02;hogwarts;"Facultad de Magia y Hechicería";4010;"ESCUELA DE MAGIA";GH23492;"REUNIÓN MAGICA I";30;S;Vespertino;15;6;lunes;18:50;20:10;01-08-2024;30-12-2024;203;"HOGWARTS - TORRE B";S;66659119;Katie;Bell;MUNITA;ATD
2024-02;hogwarts;"Facultad de Magia y Hechicería";4010;"ESCUELA DE MAGIA";GH23492;"REUNIÓN MAGICA I";30;S;Vespertino;15;6;lunes;20:15;21:35;01-08-2024;30-12-2024;203;"HOGWARTS - TORRE B";S;66659119;Katie;Bell;MUNITA;ATD
2024-02;hogwarts;"Facultad de Magia y Hechicería";4010;"ESCUELA DE MAGIA";GH23492;"REUNIÓN MAGICA I";30;S;Vespertino;15;6;lunes;21:40;23:00;01-08-2024;30-12-2024;203;"HOGWARTS - TORRE B";S;66659119;Katie;Bell;MUNITA;ATD
2024-02;hogwarts;"Ministerio de magia";9010;"PROGRAMA DE PÁRCEL";WH23639;"PÁRSEL II";30;S;Diurno;35;34;miércoles;15:45;17:05;01-08-2024;30-12-2024;204;"HOGWARTS - TORRE D";S;67153046;Kingsley;Shacklebolt;0;INSD
2024-02;hogwarts;"Ministerio de magia";9010;"PROGRAMA DE PÁRCEL";WH23639;"PÁRSEL II";30;S;Diurno;35;34;miércoles;17:15;18:35;01-08-2024;30-12-2024;204;"HOGWARTS - TORRE D";S;67153046;Kingsley;Shacklebolt;0;INSD
2024-02;hogwarts;"Facultad de Magia y Hechicería";4010;"ESCUELA DE MAGIA";GH13457;"ENCANTAMIENTOS  I";40;S;Vespertino;33;28;miércoles;18:50;20:10;01-08-2024;30-12-2024;41;"HOGWARTS - TORRE B";S;67267441;LAMAS;BELLA;BELTRAN;PEAT
2024-02;hogwarts;"Facultad de Magia y Hechicería";4010;"ESCUELA DE MAGIA";GH13457;"ENCANTAMIENTOS  I";40;S;Vespertino;33;28;miércoles;20:15;21:35;01-08-2024;30-12-2024;41;"HOGWARTS - TORRE B";S;67267441;LAMAS;BELLA;BELTRAN;PEAT
2024-02;hogwarts;"Facultad de Magia y Hechicería";4010;"ESCUELA DE MAGIA";GH13457;"ENCANTAMIENTOS  I";40;S;Vespertino;33;28;miércoles;21:40;23:00;01-08-2024;30-12-2024;41;"HOGWARTS - TORRE B";S;67267441;LAMAS;BELLA;BELTRAN;PEAT
2024-02;hogwarts;"Facultad de Magia y Hechicería";6012;"ESCUELA DE HECHICERÍA";WH236012;"GOBIERNO Y GESTIÓN DEL BANCO MAGICO";10;S;Diurno;30;14;viernes;11:15;12:35;01-08-2024;30-12-2024;304;"HOGWARTS - TORRE D";S;68800048;Lavender;Brown;CONTRERAS;ASD
2024-02;hogwarts;"Facultad de Magia y Hechicería";6012;"ESCUELA DE HECHICERÍA";WH236012;"GOBIERNO Y GESTIÓN DEL BANCO MAGICO";10;S;Diurno;30;14;viernes;9:45;11:05;01-08-2024;30-12-2024;304;"HOGWARTS - TORRE D";S;68800048;Lavender;Brown;CONTRERAS;ASD
2024-02;hogwarts;"Facultad de Magia y Hechicería";6012;"ESCUELA DE HECHICERÍA";WH236023;"PLANIFICACIÓN II";10;S;Diurno;25;8;viernes;14:15;15:35;01-08-2024;30-12-2024;315;"HOGWARTS - TORRE B";S;68800048;Lavender;Brown;CONTRERAS;ASD
2024-02;hogwarts;"Facultad de Magia y Hechicería";6012;"ESCUELA DE HECHICERÍA";WH236023;"PLANIFICACIÓN II";10;S;Diurno;25;8;viernes;15:45;17:05;01-08-2024;30-12-2024;315;"HOGWARTS - TORRE B";S;68800048;Lavender;Brown;CONTRERAS;ASD
2024-02;hogwarts;"Facultad de Magia y Hechicería";6012;"ESCUELA DE HECHICERÍA";WH236036;"PREPARACIÓN T.I.M.O II";20;S;Diurno;10;2;jueves;15:45;17:05;01-08-2024;30-12-2024;203;"HOGWARTS - TORRE B";S;68800048;Lavender;Brown;CONTRERAS;ASD
2024-02;hogwarts;"Facultad de Magia y Hechicería";6012;"ESCUELA DE HECHICERÍA";WH236036;"PREPARACIÓN T.I.M.O II";20;S;Diurno;10;2;jueves;17:15;18:35;01-08-2024;30-12-2024;203;"HOGWARTS - TORRE B";S;68800048;Lavender;Brown;CONTRERAS;ASD
2024-02;hogwarts;"Facultad de Magia y Hechicería";4010;"ESCUELA DE MAGIA";HP14148;"TALLER DE POCIONES";20;S;Vespertino;30;27;sábado;11:15;12:35;01-08-2024;30-12-2024;310;"HOGWARTS - TORRE B";S;69704998;Lee;Jordan;DIAZ;JC1
2024-02;hogwarts;"Facultad de Magia y Hechicería";4010;"ESCUELA DE MAGIA";HP14148;"TALLER DE POCIONES";20;S;Vespertino;30;27;sábado;12:45;14:05;01-08-2024;30-12-2024;310;"HOGWARTS - TORRE B";S;69704998;Lee;Jordan;DIAZ;JC1
2024-02;hogwarts;"Facultad de Magia y Hechicería";6012;"ESCUELA DE HECHICERÍA";WH233406;"Examen de Historia de la Magia";10;S;Diurno;35;35;viernes;9:45;11:05;01-08-2024;30-12-2024;311;"HOGWARTS - TORRE B";S;69704998;Lee;Jordan;DIAZ;JC1
2024-02;hogwarts;"Facultad de Magia y Hechicería";6012;"ESCUELA DE HECHICERÍA";WH233406;"Examen de Historia de la Magia";10;S;Diurno;35;35;viernes;11:15;12:35;01-08-2024;30-12-2024;311;"HOGWARTS - TORRE B";S;69704998;Lee;Jordan;DIAZ;JC1
2024-02;hogwarts;"Facultad de Magia y Hechicería";6012;"ESCUELA DE HECHICERÍA";WH233406;"Examen de Historia de la Magia";20;S;Diurno;35;31;lunes;14:15;15:35;01-08-2024;30-12-2024;317;"HOGWARTS - TORRE B";S;69704998;Lee;Jordan;DIAZ;JC1
2024-02;hogwarts;"Facultad de Magia y Hechicería";6012;"ESCUELA DE HECHICERÍA";WH233406;"Examen de Historia de la Magia";20;S;Diurno;35;31;lunes;15:45;17:05;01-08-2024;30-12-2024;317;"HOGWARTS - TORRE B";S;69704998;Lee;Jordan;DIAZ;JC1
2024-02;hogwarts;"Facultad de Magia y Hechicería";6012;"ESCUELA DE HECHICERÍA";WH233412;"OPTATIVO DE FACULTAD II";10;S;Diurno;27;22;martes;14:15;15:35;01-08-2024;30-12-2024;"9 (H)";"HOGWARTS - TORRE B";S;69704998;Lee;Jordan;DIAZ;JC1
2024-02;hogwarts;"Facultad de Magia y Hechicería";6012;"ESCUELA DE HECHICERÍA";WH233412;"OPTATIVO DE FACULTAD II";10;S;Diurno;27;22;martes;15:45;17:05;01-08-2024;30-12-2024;"9 (H)";"HOGWARTS - TORRE B";S;69704998;Lee;Jordan;DIAZ;JC1
2024-02;hogwarts;"Facultad de Magia y Hechicería";4010;"ESCUELA DE MAGIA";GH13469;"ESTUDIOS DE DEMONIOS NECROFAGOS  III";10;S;Diurno;65;65;jueves;14:15;15:35;01-08-2024;30-12-2024;"AULA B (H)";"HOGWARTS - ";S;70772614;Lily;Potter;"PONCE DE LEON";ASD
2024-02;hogwarts;"Facultad de Magia y Hechicería";4010;"ESCUELA DE MAGIA";GH13469;"ESTUDIOS DE DEMONIOS NECROFAGOS  III";10;S;Diurno;65;65;jueves;15:45;17:05;01-08-2024;30-12-2024;"AULA B (H)";"HOGWARTS - ";S;70772614;Lily;Potter;"PONCE DE LEON";ASD
2024-02;hogwarts;"Facultad de Magia y Hechicería";4010;"ESCUELA DE MAGIA";GH13469;"ESTUDIOS DE DEMONIOS NECROFAGOS  III";10;S;Diurno;65;65;jueves;17:15;18:35;01-08-2024;30-12-2024;"AULA B (H)";"HOGWARTS - ";S;70772614;Lily;Potter;"PONCE DE LEON";ASD
2024-02;hogwarts;"Facultad de Magia y Hechicería";4010;"ESCUELA DE MAGIA";GH13463;"ESTUDIOS DE DEMONIOS NECROFAGOS  II";10;S;Diurno;50;21;martes;14:15;15:35;01-08-2024;30-12-2024;"310 (H)";"HOGWARTS - TORRE D";S;72706890;Lucius;Malfoy;0;INSD
2024-02;hogwarts;"Facultad de Magia y Hechicería";4010;"ESCUELA DE MAGIA";GH13463;"ESTUDIOS DE DEMONIOS NECROFAGOS  II";10;S;Diurno;50;21;martes;15:45;17:05;01-08-2024;30-12-2024;"310 (H)";"HOGWARTS - TORRE D";S;72706890;Lucius;Malfoy;0;INSD
2024-02;hogwarts;"Facultad de Magia y Hechicería";4010;"ESCUELA DE MAGIA";GH13463;"ESTUDIOS DE DEMONIOS NECROFAGOS  II";10;S;Diurno;50;21;martes;17:15;18:35;01-08-2024;30-12-2024;"310 (H)";"HOGWARTS - TORRE D";S;72706890;Lucius;Malfoy;0;INSD
2024-02;hogwarts;"Facultad de Magia y Hechicería";4010;"ESCUELA DE MAGIA";GH13459;"TEORIA MAGICA II";50;S;Vespertino;34;31;viernes;18:50;20:10;01-08-2024;30-12-2024;417;"HOGWARTS - TORRE B";S;73750567;Luna;Lovegood;0;ATD
2024-02;hogwarts;"Facultad de Magia y Hechicería";4010;"ESCUELA DE MAGIA";GH13459;"TEORIA MAGICA II";50;S;Vespertino;34;31;viernes;20:15;21:35;01-08-2024;30-12-2024;417;"HOGWARTS - TORRE B";S;73750567;Luna;Lovegood;0;ATD
2024-02;hogwarts;"Facultad de Magia y Hechicería";4010;"ESCUELA DE MAGIA";GH13459;"TEORIA MAGICA II";50;S;Vespertino;34;31;viernes;21:40;23:00;01-08-2024;30-12-2024;417;"HOGWARTS - TORRE B";S;73750567;Luna;Lovegood;0;ATD
2024-02;Beauxbaton;"Ministerio de magia";8020;"Ministerio de magia";HP25151;"CTI: COMUNICACIÓN EFECTIVA E INTERACCIÓN HUMANA";220;S;Diurno;38;33;viernes;8:15;9:35;01-08-2024;30-12-2024;512;"BEAUXBATON - EDIFICIO B";S;77732028;Marietta;Edgecombe;FUENTES;INSD
2024-02;Beauxbaton;"Facultad de Magia y Hechicería";6012;"ESCUELA DE Hechicería";WH233406;"Examen de Historia de la Magia";210;S;Diurno;30;25;lunes;12:45;14:05;01-08-2024;30-12-2024;"408 (H)";"BEAUXBATON - EDIFICIO B";S;77732028;Marietta;Edgecombe;FUENTES;INSD
2024-02;Beauxbaton;"Facultad de Magia y Hechicería";4010;"ESCUELA DE MAGIA";GH13489;OROCRUX;210;S;Diurno;30;27;jueves;14:15;15:35;01-08-2024;30-12-2024;310;"BEAUXBATON - EDIFICIO B";S;77937835;Michael;Corner;0;PEAS
2024-02;Beauxbaton;"Facultad de Magia y Hechicería";4010;"ESCUELA DE MAGIA";GH13489;OROCRUX;210;S;Diurno;30;27;jueves;15:45;17:05;01-08-2024;30-12-2024;310;"BEAUXBATON - EDIFICIO B";S;77937835;Michael;Corner;0;PEAS
2024-02;Beauxbaton;"Facultad de Magia y Hechicería";4010;"ESCUELA DE MAGIA";GH13489;OROCRUX;210;S;Diurno;30;27;jueves;17:15;18:35;01-08-2024;30-12-2024;310;"BEAUXBATON - EDIFICIO B";S;77937835;Michael;Corner;0;PEAS
2024-02;Beauxbaton;"Facultad de Magia y Hechicería";4010;"ESCUELA DE MAGIA";GH13468;"ENCANTAMIENTOS  III";210;S;Diurno;58;58;martes;9:45;11:05;01-08-2024;30-12-2024;"102 (H)";"BEAUXBATON - EDIFICIO A";S;78902830;Minerva;McGonagall;AVILA;JC1
2024-02;Beauxbaton;"Facultad de Magia y Hechicería";4010;"ESCUELA DE MAGIA";GH13468;"ENCANTAMIENTOS  III";210;S;Diurno;58;58;martes;11:15;12:35;01-08-2024;30-12-2024;"102 (H)";"BEAUXBATON - EDIFICIO A";S;78902830;Minerva;McGonagall;AVILA;JC1
2024-02;Beauxbaton;"Facultad de Magia y Hechicería";4010;"ESCUELA DE MAGIA";GH13468;"ENCANTAMIENTOS  III";210;S;Diurno;58;58;martes;12:45;14:05;01-08-2024;30-12-2024;"102 (H)";"BEAUXBATON - EDIFICIO A";S;78902830;Minerva;McGonagall;AVILA;JC1
2024-02;Beauxbaton;"Facultad de Magia y Hechicería";4010;"ESCUELA DE MAGIA";GH24442;"ENCANTAMIENTOS  VII";210;S;Diurno;27;18;lunes;15:45;17:05;01-08-2024;30-12-2024;501;"BEAUXBATON - EDIFICIO B";S;78902830;Minerva;McGonagall;AVILA;JC1
2024-02;Beauxbaton;"Facultad de Magia y Hechicería";4010;"ESCUELA DE MAGIA";GH24442;"ENCANTAMIENTOS  VII";210;S;Diurno;27;18;lunes;17:15;18:35;01-08-2024;30-12-2024;501;"BEAUXBATON - EDIFICIO B";S;78902830;Minerva;McGonagall;AVILA;JC1
2024-02;hogwarts;"Facultad de Magia y Hechicería";4010;"ESCUELA DE MAGIA";GH13458;"ESTUDIOS DE DEMONIOS NECROFAGOS  I";30;S;Diurno;70;70;jueves;14:15;15:35;01-08-2024;30-12-2024;"AULA C (H)";"HOGWARTS - ";S;82257813;Molly;Weasley;ZUÑIGA;JC1
2024-02;hogwarts;"Facultad de Magia y Hechicería";4010;"ESCUELA DE MAGIA";GH13458;"ESTUDIOS DE DEMONIOS NECROFAGOS  I";30;S;Diurno;70;70;jueves;15:45;17:05;01-08-2024;30-12-2024;"AULA C (H)";"HOGWARTS - ";S;82257813;Molly;Weasley;ZUÑIGA;JC1
2024-02;hogwarts;"Facultad de Magia y Hechicería";4010;"ESCUELA DE MAGIA";GH13458;"ESTUDIOS DE DEMONIOS NECROFAGOS  I";30;S;Diurno;70;70;jueves;17:15;18:35;01-08-2024;30-12-2024;"AULA C (H)";"HOGWARTS - ";S;82257813;Molly;Weasley;ZUÑIGA;JC1
2024-02;hogwarts;"Facultad de Magia y Hechicería";4010;"ESCUELA DE MAGIA";GH23492;"REUNIÓN MAGICA I";10;S;Diurno;20;6;miércoles;8:15;9:35;01-08-2024;30-12-2024;"201 (EX 22)";"HOGWARTS - ";S;83094025;Narcissa;Malfoy;MARTI;JC1
2024-02;hogwarts;"Facultad de Magia y Hechicería";4010;"ESCUELA DE MAGIA";GH23492;"REUNIÓN MAGICA I";10;S;Diurno;20;6;miércoles;9:45;11:05;01-08-2024;30-12-2024;"201 (EX 22)";"HOGWARTS - ";S;83094025;Narcissa;Malfoy;MARTI;JC1
2024-02;hogwarts;"Facultad de Magia y Hechicería";4010;"ESCUELA DE MAGIA";GH23492;"REUNIÓN MAGICA I";10;S;Diurno;20;6;miércoles;11:15;12:35;01-08-2024;30-12-2024;"201 (EX 22)";"HOGWARTS - ";S;83094025;Narcissa;Malfoy;MARTI;JC1
2024-02;hogwarts;"Facultad de Magia y Hechicería";6012;"ESCUELA DE HECHICERÍA";WH236036;"PREPARACIÓN T.I.M.O II";40;S;Diurno;10;7;miércoles;14:15;15:35;01-08-2024;30-12-2024;203;"HOGWARTS - TORRE B";S;84872367;Neville;Longbottom;VALEZUELA;JC1
2024-02;hogwarts;"Facultad de Magia y Hechicería";4010;"ESCUELA DE MAGIA";GH13468;"ENCANTAMIENTOS  III";10;S;Diurno;50;50;lunes;8:15;9:35;01-08-2024;30-12-2024;"AULA A (H)";"HOGWARTS - ";S;86546445;Oliver;Wood;0;JM1
2024-02;Beauxbaton;"Facultad de Magia y Hechicería";4010;"ESCUELA DE MAGIA";GH13493;"ARTES OSCURAS I";210;S;Diurno;20;19;jueves;14:15;15:35;01-08-2024;30-12-2024;407;"BEAUXBATON - EDIFICIO B";S;90679397;Pansy;Parkinson;BASAEZ;JC1
2024-02;Beauxbaton;"Facultad de Magia y Hechicería";4010;"ESCUELA DE MAGIA";GH13493;"ARTES OSCURAS I";210;S;Diurno;20;19;jueves;15:45;17:05;01-08-2024;30-12-2024;407;"BEAUXBATON - EDIFICIO B";S;90679397;Pansy;Parkinson;BASAEZ;JC1
2024-02;Beauxbaton;"Facultad de Magia y Hechicería";4010;"ESCUELA DE MAGIA";GH13493;"ARTES OSCURAS I";210;S;Diurno;20;19;jueves;17:15;18:35;01-08-2024;30-12-2024;407;"BEAUXBATON - EDIFICIO B";S;90679397;Pansy;Parkinson;BASAEZ;JC1
2024-02;hogwarts;"Facultad de Magia y Hechicería";4010;"ESCUELA DE MAGIA";GH24442;"ENCANTAMIENTOS  VII";10;S;Diurno;60;60;miércoles;14:15;15:35;01-08-2024;30-12-2024;"305 (H)";"HOGWARTS - ";S;91902643;Parvati;Patil;RENARD;INSD
2024-02;hogwarts;"Facultad de Magia y Hechicería";4010;"ESCUELA DE MAGIA";GH14444;"FUNDAMENTOS FILOSOFICOS DE LA MAGIA";10;S;Diurno;35;31;viernes;11:15;12:35;01-08-2024;30-12-2024;211;"HOGWARTS - TORRE B";S;92810368;Percy;Weasley;0;INSD
2024-02;hogwarts;"Facultad de Magia y Hechicería";4010;"ESCUELA DE MAGIA";GH14444;"FUNDAMENTOS FILOSOFICOS DE LA MAGIA";10;S;Diurno;35;31;viernes;12:45;14:05;01-08-2024;30-12-2024;211;"HOGWARTS - TORRE B";S;92810368;Percy;Weasley;0;INSD
2024-02;hogwarts;"Facultad de Magia y Hechicería";4010;"ESCUELA DE MAGIA";GH13456;"MAGIA POLITICA";50;S;Vespertino;35;33;martes;18:50;20:10;01-08-2024;30-12-2024;"209 (H)";"HOGWARTS - TORRE B";S;94727426;Petunia;Dursley;0;ATR
2024-02;hogwarts;"Facultad de Magia y Hechicería";4010;"ESCUELA DE MAGIA";GH13456;"MAGIA POLITICA";50;S;Vespertino;35;33;martes;20:15;21:35;01-08-2024;30-12-2024;"209 (H)";"HOGWARTS - TORRE B";S;94727426;Petunia;Dursley;0;ATR
2024-02;hogwarts;"Facultad de Magia y Hechicería";4010;"ESCUELA DE MAGIA";GH13456;"MAGIA POLITICA";50;S;Vespertino;35;33;martes;21:40;23:00;01-08-2024;30-12-2024;"209 (H)";"HOGWARTS - TORRE B";S;94727426;Petunia;Dursley;0;ATR
2024-02;Beauxbaton;"Facultad de Magia y Hechicería";6012;"ESCUELA DE Hechicería";WH236003;"Examinador de Aparición I";220;S;Diurno;10;9;viernes;11:15;12:35;01-08-2024;30-12-2024;406;"BEAUXBATON - EDIFICIO B";S;96703051;Pomona;Sprout;YAÑEZ;SIN
2024-02;Beauxbaton;"Facultad de Magia y Hechicería";6012;"ESCUELA DE Hechicería";WH236003;"Examinador de Aparición I";220;S;Diurno;10;9;viernes;12:45;14:05;01-08-2024;30-12-2024;406;"BEAUXBATON - EDIFICIO B";S;96703051;Pomona;Sprout;YAÑEZ;SIN
2024-02;Beauxbaton;"Facultad de Magia y Hechicería";6012;"ESCUELA DE Hechicería";WH236010;"Examinador de Aparición III";220;S;Diurno;10;8;miércoles;14:15;15:35;01-08-2024;30-12-2024;406;"BEAUXBATON - EDIFICIO B";S;96703051;Pomona;Sprout;YAÑEZ;SIN
2024-02;Beauxbaton;"Facultad de Magia y Hechicería";6012;"ESCUELA DE Hechicería";WH236010;"Examinador de Aparición III";220;S;Diurno;10;8;miércoles;15:45;17:05;01-08-2024;30-12-2024;406;"BEAUXBATON - EDIFICIO B";S;96703051;Pomona;Sprout;YAÑEZ;SIN
2024-02;hogwarts;"Ministerio de magia";8020;"Ministerio de magia";PH110086;"TUTORÍAS DE ACOMPAÑAMIENTO MAGICO";20;S;Vespertino;10;0;lunes;17:55;19:30;01-08-2024;31-12-2024;208;"HOGWARTS - TORRE B";S;102372327;POR;DESIGNAR;0;O
2024-02;hogwarts;"Facultad de Magia y Hechicería";6012;"ESCUELA DE HECHICERÍA";WH236008;"ANTIDOTO PARA VENENOS COMUNES II";20;S;Diurno;30;13;jueves;14:15;15:35;01-08-2024;30-12-2024;303;"HOGWARTS - ";S;103288372;POR;DESIGNAR;0;TID
2024-02;hogwarts;"Facultad de Magia y Hechicería";6012;"ESCUELA DE HECHICERÍA";WH236008;"ANTIDOTO PARA VENENOS COMUNES II";20;S;Diurno;30;13;jueves;15:45;17:05;01-08-2024;30-12-2024;303;"HOGWARTS - ";S;103288372;POR;DESIGNAR;0;TID
2024-02;Beauxbaton;"Facultad de Magia y Hechicería";6012;"ESCUELA DE Hechicería";WH236022;"ANÁLISIS DE INFORMACIÓN ASTRONOMICA";210;S;Diurno;15;12;lunes;8:15;9:35;01-08-2024;30-12-2024;"Lab 1";"BEAUXBATON - EDIFICIO A";S;105647119;Quirinus;Quirrell;0;SIN
2024-02;Beauxbaton;"Facultad de Magia y Hechicería";6012;"ESCUELA DE Hechicería";WH236022;"ANÁLISIS DE INFORMACIÓN ASTRONOMICA";210;S;Diurno;15;12;lunes;9:45;11:05;01-08-2024;30-12-2024;"Lab 1";"BEAUXBATON - EDIFICIO A";S;105647119;Quirinus;Quirrell;0;SIN
2024-02;hogwarts;"Facultad de Magia y Hechicería";6012;"ESCUELA DE HECHICERÍA";WH236037;"TALLER Y PRÁCTICA VARITAS II";10;S;Diurno;10;7;martes;9:45;11:05;01-08-2024;30-12-2024;201;"HOGWARTS - TORRE B";S;110515163;Remus;Lupin;0;JC1
2024-02;hogwarts;"Facultad de Magia y Hechicería";6012;"ESCUELA DE HECHICERÍA";WH236037;"TALLER Y PRÁCTICA VARITAS II";10;S;Diurno;10;7;martes;11:15;12:35;01-08-2024;30-12-2024;201;"HOGWARTS - TORRE B";S;110515163;Remus;Lupin;0;JC1
2024-02;hogwarts;"Facultad de Magia y Hechicería";6012;"ESCUELA DE HECHICERÍA";WH236037;"TALLER Y PRÁCTICA VARITAS II";40;S;Diurno;10;5;viernes;14:15;15:35;01-08-2024;30-12-2024;204;"HOGWARTS - TORRE B";S;110515163;Remus;Lupin;0;JC1
2024-02;hogwarts;"Facultad de Magia y Hechicería";6012;"ESCUELA DE HECHICERÍA";WH236037;"TALLER Y PRÁCTICA VARITAS II";40;S;Diurno;10;5;viernes;15:45;17:05;01-08-2024;30-12-2024;204;"HOGWARTS - TORRE B";S;110515163;Remus;Lupin;0;JC1
2024-02;Beauxbaton;"Facultad de Magia y Hechicería";4010;"ESCUELA DE MAGIA";HP14148;"TALLER DE POCIONES";210;S;Diurno;42;42;miércoles;17:15;18:35;01-08-2024;31-12-2024;204;"BEAUXBATON - EDIFICIO A";S;112542380;Remus;Lupin;0;INSD
2024-02;Beauxbaton;"Facultad de Magia y Hechicería";4010;"ESCUELA DE MAGIA";HP14148;"TALLER DE POCIONES";210;S;Diurno;42;42;miércoles;18:50;20:10;01-08-2024;31-12-2024;204;"BEAUXBATON - EDIFICIO A";S;112542380;Remus;Lupin;0;INSD
2024-02;hogwarts;"Facultad de Magia y Hechicería";6012;"ESCUELA DE HECHICERÍA";WH236020;"EPISTEMOLOGIA DE LA HECHICERÍA";10;S;Diurno;30;11;lunes;9:45;11:05;01-08-2024;30-12-2024;306;"HOGWARTS - TORRE D";S;113455484;Rolanda;Hooch;DURAN;SIN
2024-02;hogwarts;"Facultad de Magia y Hechicería";6012;"ESCUELA DE HECHICERÍA";WH236020;"EPISTEMOLOGIA DE LA HECHICERÍA";10;S;Diurno;30;11;lunes;11:15;12:35;01-08-2024;30-12-2024;306;"HOGWARTS - TORRE D";S;113455484;Rolanda;Hooch;DURAN;SIN
2024-02;hogwarts;"Facultad de Magia y Hechicería";4010;"ESCUELA DE MAGIA";GH13486;"ENCANTAMIENTOS  VI";20;S;Vespertino;40;17;miércoles;18:50;20:10;01-08-2024;30-12-2024;205;"HOGWARTS - TORRE B";S;114059711;Ron;Weasley;"EL INNOMBRABLE";JC1
2024-02;hogwarts;"Facultad de Magia y Hechicería";4010;"ESCUELA DE MAGIA";GH13486;"ENCANTAMIENTOS  VI";20;S;Vespertino;40;17;miércoles;20:15;21:35;01-08-2024;30-12-2024;205;"HOGWARTS - TORRE B";S;114059711;Ron;Weasley;"EL INNOMBRABLE";JC1
2024-02;hogwarts;"Facultad de Magia y Hechicería";4010;"ESCUELA DE MAGIA";GH13486;"ENCANTAMIENTOS  VI";20;S;Vespertino;40;17;miércoles;21:40;23:00;01-08-2024;30-12-2024;205;"HOGWARTS - TORRE B";S;114059711;Ron;Weasley;"EL INNOMBRABLE";JC1
2024-02;hogwarts;"Facultad de Magia y Hechicería";4010;"ESCUELA DE MAGIA";GH24440;"INTRODUCCION AL LOS ENCANTAMIENTOS ";10;S;Diurno;40;18;martes;8:15;9:35;01-08-2024;30-12-2024;311;"HOGWARTS - TORRE B";S;114059711;Ron;Weasley;"EL INNOMBRABLE";JC1
2024-02;hogwarts;"Facultad de Magia y Hechicería";4010;"ESCUELA DE MAGIA";GH24440;"INTRODUCCION AL LOS ENCANTAMIENTOS ";10;S;Diurno;40;18;martes;9:45;11:05;01-08-2024;30-12-2024;311;"HOGWARTS - TORRE B";S;114059711;Ron;Weasley;"EL INNOMBRABLE";JC1
2024-02;hogwarts;"Facultad de Magia y Hechicería";4010;"ESCUELA DE MAGIA";GH24440;"INTRODUCCION AL LOS ENCANTAMIENTOS ";10;S;Diurno;40;18;martes;11:15;12:35;01-08-2024;30-12-2024;311;"HOGWARTS - TORRE B";S;114059711;Ron;Weasley;"EL INNOMBRABLE";JC1
2024-02;hogwarts;"Facultad de Magia y Hechicería";6012;"ESCUELA DE HECHICERÍA";WH233405;"examen de Pociones";20;S;Diurno;35;30;jueves;9:45;11:05;01-08-2024;30-12-2024;309;"HOGWARTS - TORRE B";S;115757061;Rowena;" Ravenclaw";0;JC1
2024-02;hogwarts;"Facultad de Magia y Hechicería";6012;"ESCUELA DE HECHICERÍA";WH233405;"examen de Pociones";20;S;Diurno;35;30;jueves;11:15;12:35;01-08-2024;30-12-2024;309;"HOGWARTS - TORRE B";S;115757061;Rowena;" Ravenclaw";0;JC1
2024-02;hogwarts;"Facultad de Magia y Hechicería";6012;"ESCUELA DE HECHICERÍA";WH236010;"Examinador de Aparición III";30;S;Diurno;15;4;lunes;9:45;11:05;01-08-2024;30-12-2024;204;"HOGWARTS - TORRE B";S;115757061;Rowena;" Ravenclaw";0;JC1
2024-02;hogwarts;"Facultad de Magia y Hechicería";6012;"ESCUELA DE HECHICERÍA";WH236010;"Examinador de Aparición III";30;S;Diurno;15;4;lunes;11:15;12:35;01-08-2024;30-12-2024;204;"HOGWARTS - TORRE B";S;115757061;Rowena;" Ravenclaw";0;JC1
2024-02;Beauxbaton;"Facultad de Magia y Hechicería";4010;"ESCUELA DE MAGIA";GH13490;XILOMANCIA;210;S;Diurno;35;24;martes;14:15;15:35;01-08-2024;30-12-2024;514;"BEAUXBATON - EDIFICIO B";S;119234212;Rufus;Scrimgeour;0;SIN
2024-02;Beauxbaton;"Facultad de Magia y Hechicería";4010;"ESCUELA DE MAGIA";GH13490;XILOMANCIA;210;S;Diurno;35;24;martes;15:45;17:05;01-08-2024;30-12-2024;514;"BEAUXBATON - EDIFICIO B";S;119234212;Rufus;Scrimgeour;0;SIN
2024-02;Beauxbaton;"Facultad de Magia y Hechicería";4010;"ESCUELA DE MAGIA";GH13490;XILOMANCIA;210;S;Diurno;35;24;martes;17:15;18:35;01-08-2024;30-12-2024;514;"BEAUXBATON - EDIFICIO B";S;119234212;Rufus;Scrimgeour;0;SIN
2024-02;Beauxbaton;"Facultad de Magia y Hechicería";4010;"ESCUELA DE MAGIA";GH13459;"TEORIA MAGICA II";230;S;Diurno;52;32;lunes;14:15;15:35;01-08-2024;30-12-2024;104;"BEAUXBATON - EDIFICIO A";S;122699188;"Salazar ";Slytherin;PARDO;ATD
2024-02;Beauxbaton;"Facultad de Magia y Hechicería";4010;"ESCUELA DE MAGIA";GH13459;"TEORIA MAGICA II";230;S;Diurno;52;32;lunes;15:45;17:05;01-08-2024;30-12-2024;104;"BEAUXBATON - EDIFICIO A";S;122699188;"Salazar ";Slytherin;PARDO;ATD
2024-02;Beauxbaton;"Facultad de Magia y Hechicería";4010;"ESCUELA DE MAGIA";GH13459;"TEORIA MAGICA II";230;S;Diurno;52;32;lunes;17:15;18:35;01-08-2024;30-12-2024;104;"BEAUXBATON - EDIFICIO A";S;122699188;"Salazar ";Slytherin;PARDO;ATD
2024-02;hogwarts;"Facultad de Magia y Hechicería";4010;"ESCUELA DE MAGIA";GH13480;"ENCANTAMIENTOS  V";10;S;Diurno;50;36;lunes;8:15;9:35;01-08-2024;30-12-2024;"AULA B (H)";"HOGWARTS - ";S;127037820;Séptima;Vector;DIAZ;ATD
2024-02;hogwarts;"Facultad de Magia y Hechicería";4010;"ESCUELA DE MAGIA";GH13480;"ENCANTAMIENTOS  V";10;S;Diurno;50;36;lunes;9:45;11:05;01-08-2024;30-12-2024;"AULA B (H)";"HOGWARTS - ";S;127037820;Séptima;Vector;DIAZ;ATD
2024-02;hogwarts;"Facultad de Magia y Hechicería";4010;"ESCUELA DE MAGIA";GH13480;"ENCANTAMIENTOS  V";10;S;Diurno;50;36;lunes;11:15;12:35;01-08-2024;30-12-2024;"AULA B (H)";"HOGWARTS - ";S;127037820;Séptima;Vector;DIAZ;ATD
2024-02;hogwarts;"Facultad de Magia y Hechicería";4010;"ESCUELA DE MAGIA";GH13486;"ENCANTAMIENTOS  VI";10;S;Diurno;70;27;miércoles;14:15;15:35;01-08-2024;30-12-2024;"AULA E";"HOGWARTS - ";S;127037820;Séptima;Vector;DIAZ;ATD
2024-02;hogwarts;"Facultad de Magia y Hechicería";4010;"ESCUELA DE MAGIA";GH13486;"ENCANTAMIENTOS  VI";10;S;Diurno;70;27;miércoles;15:45;17:05;01-08-2024;30-12-2024;"AULA E";"HOGWARTS - ";S;127037820;Séptima;Vector;DIAZ;ATD
2024-02;hogwarts;"Facultad de Magia y Hechicería";4010;"ESCUELA DE MAGIA";GH13486;"ENCANTAMIENTOS  VI";10;S;Diurno;70;27;miércoles;17:15;18:35;01-08-2024;30-12-2024;"AULA E";"HOGWARTS - ";S;127037820;Séptima;Vector;DIAZ;ATD
2024-02;Beauxbaton;"Facultad de Magia y Hechicería";4010;"ESCUELA DE MAGIA";GH13456;"MAGIA POLITICA";230;S;Diurno;30;17;viernes;14:15;15:35;01-08-2024;30-12-2024;508;"BEAUXBATON - EDIFICIO B";S;129008399;Severus;Snape;0;ASD
2024-02;Beauxbaton;"Facultad de Magia y Hechicería";4010;"ESCUELA DE MAGIA";GH13456;"MAGIA POLITICA";230;S;Diurno;30;17;viernes;15:45;17:05;01-08-2024;30-12-2024;508;"BEAUXBATON - EDIFICIO B";S;129008399;Severus;Snape;0;ASD
2024-02;Beauxbaton;"Facultad de Magia y Hechicería";4010;"ESCUELA DE MAGIA";GH13456;"MAGIA POLITICA";230;S;Diurno;30;17;viernes;17:15;18:35;01-08-2024;30-12-2024;508;"BEAUXBATON - EDIFICIO B";S;129008399;Severus;Snape;0;ASD
2024-02;Beauxbaton;"Facultad de Magia y Hechicería";4010;"ESCUELA DE MAGIA";GH23494;"PREPARACIÓN T.I.M.O";220;S;Diurno;20;17;martes;15:45;17:05;01-08-2024;31-12-2024;"401 (H)";"BEAUXBATON - EDIFICIO B";S;129008399;Severus;Snape;0;ASD
2024-02;Beauxbaton;"Facultad de Magia y Hechicería";6012;"ESCUELA DE Hechicería";WH236003;"Examinador de Aparición I";210;S;Diurno;10;6;viernes;8:15;9:35;01-08-2024;30-12-2024;406;"BEAUXBATON - EDIFICIO B";S;129025482;Silvanusn.;Kettleburn;0;SIN
2024-02;Beauxbaton;"Facultad de Magia y Hechicería";6012;"ESCUELA DE Hechicería";WH236003;"Examinador de Aparición I";210;S;Diurno;10;6;viernes;9:45;11:05;01-08-2024;30-12-2024;406;"BEAUXBATON - EDIFICIO B";S;129025482;Silvanusn.;Kettleburn;0;SIN
2024-02;Beauxbaton;"Facultad de Magia y Hechicería";6012;"ESCUELA DE Hechicería";WH236021;"Examinador de Aparición V";210;S;Diurno;12;11;miércoles;12:45;14:05;01-08-2024;30-12-2024;406;"BEAUXBATON - EDIFICIO B";S;129025482;Silvanusn.;Kettleburn;0;JC1
2024-02;Beauxbaton;"Facultad de Magia y Hechicería";6012;"ESCUELA DE Hechicería";WH236031;"Examinador de Aparición VII";220;S;Diurno;8;8;jueves;12:45;14:05;01-08-2024;30-12-2024;404;"BEAUXBATON - EDIFICIO B";S;129025482;Silvanusn.;Kettleburn;0;JC1
2024-02;hogwarts;"Facultad de Magia y Hechicería";4010;"ESCUELA DE MAGIA";GH13487;"ESTUDIOS DE DEMONIOS NECROFAGOS  V";20;S;Vespertino;35;29;jueves;18:50;20:10;01-08-2024;30-12-2024;417;"HOGWARTS - TORRE B";S;129406030;Sirius;Black;0;INSD
2024-02;hogwarts;"Facultad de Magia y Hechicería";4010;"ESCUELA DE MAGIA";GH13487;"ESTUDIOS DE DEMONIOS NECROFAGOS  V";20;S;Vespertino;35;29;jueves;20:15;21:35;01-08-2024;30-12-2024;417;"HOGWARTS - TORRE B";S;129406030;Sirius;Black;0;INSD
2024-02;hogwarts;"Facultad de Magia y Hechicería";4010;"ESCUELA DE MAGIA";GH13487;"ESTUDIOS DE DEMONIOS NECROFAGOS  V";20;S;Vespertino;35;29;jueves;21:40;23:00;01-08-2024;30-12-2024;417;"HOGWARTS - TORRE B";S;129406030;Sirius;Black;0;INSD
2024-02;hogwarts;"Facultad de Magia y Hechicería";4010;"ESCUELA DE MAGIA";GH13490;XILOMANCIA;20;S;Vespertino;40;10;martes;18:50;20:10;01-08-2024;30-12-2024;416;"HOGWARTS - TORRE B";S;129519484;Susan;Bones;RAMIREZ;ATD
2024-02;hogwarts;"Facultad de Magia y Hechicería";4010;"ESCUELA DE MAGIA";GH13490;XILOMANCIA;20;S;Vespertino;40;10;martes;20:15;21:35;01-08-2024;30-12-2024;416;"HOGWARTS - TORRE B";S;129519484;Susan;Bones;RAMIREZ;ATD
2024-02;hogwarts;"Facultad de Magia y Hechicería";4010;"ESCUELA DE MAGIA";GH13490;XILOMANCIA;20;S;Vespertino;40;10;martes;21:40;23:00;01-08-2024;30-12-2024;416;"HOGWARTS - TORRE B";S;129519484;Susan;Bones;RAMIREZ;ATD
2024-02;hogwarts;"Facultad de Magia y Hechicería";6012;"ESCUELA DE HECHICERÍA";WH236009;"Hospital San Mungo de Enfermedades y Heridas Mágicas";20;S;Diurno;30;30;jueves;9:45;11:05;01-08-2024;30-12-2024;417;"HOGWARTS - TORRE B";S;129645558;Sybill;Trelawney;0;SIN
2024-02;hogwarts;"Facultad de Magia y Hechicería";6012;"ESCUELA DE HECHICERÍA";WH236009;"Hospital San Mungo de Enfermedades y Heridas Mágicas";20;S;Diurno;30;30;jueves;11:15;12:35;01-08-2024;30-12-2024;417;"HOGWARTS - TORRE B";S;129645558;Sybill;Trelawney;0;SIN
2024-02;Beauxbaton;"Ministerio de magia";8020;"Ministerio de magia";PH110059;"CTI: COMPETENCIAS DE LIDERAZGO MAGICO";220;S;Diurno;38;35;viernes;8:15;9:35;01-08-2024;30-12-2024;208;"BEAUXBATON - EDIFICIO A";S;131635937;Theodore;Nott;0;SIN
2024-02;hogwarts;"Facultad de Magia y Hechicería";4010;"ESCUELA DE MAGIA";GH13493;"ARTES OSCURAS I";30;S;Vespertino;15;12;miércoles;18:50;20:10;01-08-2024;30-12-2024;201;"HOGWARTS - TORRE B";S;132723203;Vernon;Dursley;RIQUELME;PEAS
2024-02;hogwarts;"Facultad de Magia y Hechicería";4010;"ESCUELA DE MAGIA";GH13493;"ARTES OSCURAS I";30;S;Vespertino;15;12;miércoles;20:15;21:35;01-08-2024;30-12-2024;201;"HOGWARTS - TORRE B";S;132723203;Vernon;Dursley;RIQUELME;PEAS
2024-02;hogwarts;"Facultad de Magia y Hechicería";4010;"ESCUELA DE MAGIA";GH13493;"ARTES OSCURAS I";30;S;Vespertino;15;12;miércoles;21:40;23:00;01-08-2024;30-12-2024;201;"HOGWARTS - TORRE B";S;132723203;Vernon;Dursley;RIQUELME;PEAS
2024-02;hogwarts;"Facultad de Magia y Hechicería";4010;"ESCUELA DE MAGIA";GH13493;"ARTES OSCURAS I";20;S;Diurno;20;7;martes;8:15;9:35;01-08-2024;30-12-2024;406;"HOGWARTS - TORRE B";S;132723203;Vernon;Dursley;RIQUELME;PEAS
2024-02;hogwarts;"Facultad de Magia y Hechicería";4010;"ESCUELA DE MAGIA";GH13493;"ARTES OSCURAS I";20;S;Diurno;20;7;martes;9:45;11:05;01-08-2024;30-12-2024;406;"HOGWARTS - TORRE B";S;132723203;Vernon;Dursley;RIQUELME;PEAS
2024-02;hogwarts;"Facultad de Magia y Hechicería";4010;"ESCUELA DE MAGIA";GH13493;"ARTES OSCURAS I";20;S;Diurno;20;7;martes;11:15;12:35;01-08-2024;30-12-2024;406;"HOGWARTS - TORRE B";S;132723203;Vernon;Dursley;RIQUELME;PEAS
2024-02;hogwarts;"Facultad de Magia y Hechicería";4010;"ESCUELA DE MAGIA";HW13977;"TALLER DE CASTELLANO";30;S;Vespertino;40;14;viernes;18:50;20:10;01-08-2024;30-12-2024;210;"HOGWARTS - TORRE B";S;132723203;Vernon;Dursley;RIQUELME;PEAS
2024-02;hogwarts;"Facultad de Magia y Hechicería";4010;"ESCUELA DE MAGIA";HW13977;"TALLER DE CASTELLANO";30;S;Vespertino;40;14;viernes;20:15;21:35;01-08-2024;30-12-2024;210;"HOGWARTS - TORRE B";S;132723203;Vernon;Dursley;RIQUELME;PEAS
2024-02;hogwarts;"Facultad de Magia y Hechicería";4010;"ESCUELA DE MAGIA";GH13469;"ESTUDIOS DE DEMONIOS NECROFAGOS  III";30;S;Vespertino;30;12;jueves;18:50;20:10;01-08-2024;30-12-2024;216;"HOGWARTS - TORRE B";S;134254541;Viktor;Krum;0;ATD
2024-02;hogwarts;"Facultad de Magia y Hechicería";4010;"ESCUELA DE MAGIA";GH13469;"ESTUDIOS DE DEMONIOS NECROFAGOS  III";30;S;Vespertino;30;12;jueves;20:15;21:35;01-08-2024;30-12-2024;216;"HOGWARTS - TORRE B";S;134254541;Viktor;Krum;0;ATD
2024-02;hogwarts;"Facultad de Magia y Hechicería";4010;"ESCUELA DE MAGIA";GH13469;"ESTUDIOS DE DEMONIOS NECROFAGOS  III";30;S;Vespertino;30;12;jueves;21:40;23:00;01-08-2024;30-12-2024;216;"HOGWARTS - TORRE B";S;134254541;Viktor;Krum;0;ATD
2024-02;hogwarts;"Facultad de Magia y Hechicería";4010;"ESCUELA DE MAGIA";GH13985;"ELECTIVO AREA:  MAGIA INTERNACIONAL PRIVADA";10;S;Vespertino;25;10;viernes;18:50;20:10;01-08-2024;30-12-2024;211;"HOGWARTS - TORRE B";S;137062706;Xenophilius;Lovegood;SANDOVAL;JC1
2024-02;hogwarts;"Facultad de Magia y Hechicería";4010;"ESCUELA DE MAGIA";GH13985;"ELECTIVO AREA:  MAGIA INTERNACIONAL PRIVADA";10;S;Vespertino;25;10;viernes;20:15;21:35;01-08-2024;30-12-2024;211;"HOGWARTS - TORRE B";S;137062706;Xenophilius;Lovegood;SANDOVAL;JC1
2024-02;hogwarts;"Facultad de Magia y Hechicería";4010;"ESCUELA DE MAGIA";HP24090;"TALLER DE LIBRO REGLAMENTARIO DE HECHIZOS";20;S;Vespertino;35;3;lunes;18:50;20:10;01-08-2024;30-12-2024;210;"HOGWARTS - TORRE B";S;137062706;Xenophilius;Lovegood;SANDOVAL;JC1
2024-02;hogwarts;"Facultad de Magia y Hechicería";4010;"ESCUELA DE MAGIA";HP24090;"TALLER DE LIBRO REGLAMENTARIO DE HECHIZOS";20;S;Vespertino;35;3;lunes;20:15;21:35;01-08-2024;30-12-2024;210;"HOGWARTS - TORRE B";S;137062706;Xenophilius;Lovegood;SANDOVAL;JC1
2024-02;hogwarts;"Facultad de Magia y Hechicería";4010;"ESCUELA DE MAGIA";HP14091;"TALLER DE COMPORTAMIENTO ETICO Y SOCIAL DEL MAGO";20;S;Diurno;45;45;viernes;8:15;9:35;01-08-2024;30-12-2024;"301 (H)";"HOGWARTS - ";S;137062706;Xenophilius;Lovegood;SANDOVAL;JC1
2024-02;hogwarts;"Facultad de Magia y Hechicería";4010;"ESCUELA DE MAGIA";HP14091;"TALLER DE COMPORTAMIENTO ETICO Y SOCIAL DEL MAGO";20;S;Diurno;45;45;viernes;9:45;11:05;01-08-2024;30-12-2024;"301 (H)";"HOGWARTS - ";S;137062706;Xenophilius;Lovegood;SANDOVAL;JC1
2024-02;Beauxbaton;"Facultad de Magia y Hechicería";4010;"ESCUELA DE MAGIA";GH13457;"ENCANTAMIENTOS  I";220;S;Diurno;40;32;miércoles;8:15;9:35;01-08-2024;30-12-2024;508;"BEAUXBATON - EDIFICIO B";S;#N/D;#N/D;#N/D;#N/D;JC1
2024-02;Beauxbaton;"Facultad de Magia y Hechicería";4010;"ESCUELA DE MAGIA";GH13457;"ENCANTAMIENTOS  I";220;S;Diurno;40;32;miércoles;9:45;11:05;01-08-2024;30-12-2024;508;"BEAUXBATON - EDIFICIO B";S;#N/D;#N/D;#N/D;#N/D;JC1
2024-02;Beauxbaton;"Facultad de Magia y Hechicería";4010;"ESCUELA DE MAGIA";GH13457;"ENCANTAMIENTOS  I";220;S;Diurno;40;32;miércoles;11:15;12:35;01-08-2024;30-12-2024;508;"BEAUXBATON - EDIFICIO B";S;#N/D;#N/D;#N/D;#N/D;JC1
2024-02;Beauxbaton;"Facultad de Magia y Hechicería";4010;"ESCUELA DE MAGIA";GH13462;"ENCANTAMIENTOS  II";210;S;Diurno;40;32;jueves;14:15;15:35;01-08-2024;30-12-2024;"401 (H)";"BEAUXBATON - EDIFICIO B";S;#N/D;#N/D;#N/D;#N/D;SIN
2024-02;Beauxbaton;"Facultad de Magia y Hechicería";4010;"ESCUELA DE MAGIA";GH13462;"ENCANTAMIENTOS  II";210;S;Diurno;40;32;jueves;15:45;17:05;01-08-2024;30-12-2024;"401 (H)";"BEAUXBATON - EDIFICIO B";S;#N/D;#N/D;#N/D;#N/D;SIN
2024-02;Beauxbaton;"Facultad de Magia y Hechicería";4010;"ESCUELA DE MAGIA";GH13462;"ENCANTAMIENTOS  II";210;S;Diurno;40;32;jueves;17:15;18:35;01-08-2024;30-12-2024;"401 (H)";"BEAUXBATON - EDIFICIO B";S;#N/D;#N/D;#N/D;#N/D;SIN
2024-02;Beauxbaton;"Facultad de Magia y Hechicería";4010;"ESCUELA DE MAGIA";GH13468;"ENCANTAMIENTOS  III";220;S;Diurno;25;4;lunes;14:15;15:35;01-08-2024;30-12-2024;503;"BEAUXBATON - EDIFICIO B";;#N/D;#N/D;#N/D;#N/D;
2024-02;Beauxbaton;"Facultad de Magia y Hechicería";4010;"ESCUELA DE MAGIA";GH13468;"ENCANTAMIENTOS  III";220;S;Diurno;25;4;lunes;15:45;17:05;01-08-2024;30-12-2024;503;"BEAUXBATON - EDIFICIO B";;#N/D;#N/D;#N/D;#N/D;
2024-02;Beauxbaton;"Facultad de Magia y Hechicería";4010;"ESCUELA DE MAGIA";GH13468;"ENCANTAMIENTOS  III";220;S;Diurno;25;4;lunes;17:15;18:35;01-08-2024;30-12-2024;503;"BEAUXBATON - EDIFICIO B";;#N/D;#N/D;#N/D;#N/D;
2024-02;Beauxbaton;"Facultad de Magia y Hechicería";4010;"ESCUELA DE MAGIA";GH13469;"ESTUDIOS DE DEMONIOS NECROFAGOS  III";210;S;Diurno;55;53;jueves;8:15;9:35;01-08-2024;30-12-2024;"AUDITORIO 1 (H) -";"BEAUXBATON - EDIFICIO A";S;#N/D;#N/D;#N/D;#N/D;JC1
2024-02;Beauxbaton;"Facultad de Magia y Hechicería";4010;"ESCUELA DE MAGIA";GH13469;"ESTUDIOS DE DEMONIOS NECROFAGOS  III";210;S;Diurno;55;53;jueves;9:45;11:05;01-08-2024;30-12-2024;"AUDITORIO 1 (H) -";"BEAUXBATON - EDIFICIO A";S;#N/D;#N/D;#N/D;#N/D;JC1
2024-02;Beauxbaton;"Facultad de Magia y Hechicería";4010;"ESCUELA DE MAGIA";GH13469;"ESTUDIOS DE DEMONIOS NECROFAGOS  III";210;S;Diurno;55;53;jueves;11:15;12:35;01-08-2024;30-12-2024;"AUDITORIO 1 (H) -";"BEAUXBATON - EDIFICIO A";S;#N/D;#N/D;#N/D;#N/D;JC1
2024-02;hogwarts;"Facultad de Magia y Hechicería";4010;"ESCUELA DE MAGIA";GH13470;"ADIVINACION  I";10;S;Diurno;80;73;miércoles;14:15;15:35;01-08-2024;30-12-2024;"AULA A (H)";"HOGWARTS - ";S;#N/D;#N/D;#N/D;#N/D;TID
2024-02;hogwarts;"Facultad de Magia y Hechicería";4010;"ESCUELA DE MAGIA";GH13470;"ADIVINACION  I";10;S;Diurno;80;73;miércoles;15:45;17:05;01-08-2024;30-12-2024;"AULA A (H)";"HOGWARTS - ";S;#N/D;#N/D;#N/D;#N/D;TID
2024-02;hogwarts;"Facultad de Magia y Hechicería";4010;"ESCUELA DE MAGIA";GH13470;"ADIVINACION  I";10;S;Diurno;80;73;miércoles;17:15;18:35;01-08-2024;30-12-2024;"AULA A (H)";"HOGWARTS - ";S;#N/D;#N/D;#N/D;#N/D;TID
2024-02;hogwarts;"Facultad de Magia y Hechicería";4010;"ESCUELA DE MAGIA";GH13470;"ADIVINACION  I";30;S;Vespertino;49;49;lunes;18:50;20:10;01-08-2024;30-12-2024;206;"HOGWARTS - TORRE B";S;#N/D;#N/D;#N/D;#N/D;PEAS
2024-02;hogwarts;"Facultad de Magia y Hechicería";4010;"ESCUELA DE MAGIA";GH13470;"ADIVINACION  I";30;S;Vespertino;49;49;lunes;20:15;21:35;01-08-2024;30-12-2024;206;"HOGWARTS - TORRE B";S;#N/D;#N/D;#N/D;#N/D;PEAS
2024-02;hogwarts;"Facultad de Magia y Hechicería";4010;"ESCUELA DE MAGIA";GH13470;"ADIVINACION  I";30;S;Vespertino;49;49;lunes;21:40;23:00;01-08-2024;30-12-2024;206;"HOGWARTS - TORRE B";S;#N/D;#N/D;#N/D;#N/D;PEAS
2024-02;Beauxbaton;"Facultad de Magia y Hechicería";4010;"ESCUELA DE MAGIA";GH13470;"ADIVINACION  I";210;S;Diurno;57;55;viernes;8:15;9:35;01-08-2024;30-12-2024;"102 (H)";"BEAUXBATON - EDIFICIO A";S;#N/D;#N/D;#N/D;#N/D;JC1
2024-02;Beauxbaton;"Facultad de Magia y Hechicería";4010;"ESCUELA DE MAGIA";GH13470;"ADIVINACION  I";210;S;Diurno;57;55;viernes;9:45;11:05;01-08-2024;30-12-2024;"102 (H)";"BEAUXBATON - EDIFICIO A";S;#N/D;#N/D;#N/D;#N/D;JC1
2024-02;Beauxbaton;"Facultad de Magia y Hechicería";4010;"ESCUELA DE MAGIA";GH13470;"ADIVINACION  I";210;S;Diurno;57;55;viernes;11:15;12:35;01-08-2024;30-12-2024;"102 (H)";"BEAUXBATON - EDIFICIO A";S;#N/D;#N/D;#N/D;#N/D;JC1
2024-02;hogwarts;"Facultad de Magia y Hechicería";4010;"ESCUELA DE MAGIA";GH13479;"MAGIA BLANCA";20;S;Vespertino;46;44;martes;18:50;20:10;01-08-2024;30-12-2024;206;"HOGWARTS - TORRE B";S;#N/D;#N/D;#N/D;#N/D;ASD
2024-02;hogwarts;"Facultad de Magia y Hechicería";4010;"ESCUELA DE MAGIA";GH13479;"MAGIA BLANCA";20;S;Vespertino;46;44;martes;20:15;21:35;01-08-2024;30-12-2024;206;"HOGWARTS - TORRE B";S;#N/D;#N/D;#N/D;#N/D;ASD
2024-02;hogwarts;"Facultad de Magia y Hechicería";4010;"ESCUELA DE MAGIA";GH13479;"MAGIA BLANCA";20;S;Vespertino;46;44;martes;21:40;23:00;01-08-2024;30-12-2024;206;"HOGWARTS - TORRE B";S;#N/D;#N/D;#N/D;#N/D;ASD
2024-02;hogwarts;"Facultad de Magia y Hechicería";4010;"ESCUELA DE MAGIA";GH13480;"ENCANTAMIENTOS  V";20;S;Vespertino;45;45;miércoles;18:50;20:10;01-08-2024;30-12-2024;204;"HOGWARTS - TORRE B";S;#N/D;#N/D;#N/D;#N/D;ASD
2024-02;hogwarts;"Facultad de Magia y Hechicería";4010;"ESCUELA DE MAGIA";GH13480;"ENCANTAMIENTOS  V";20;S;Vespertino;45;45;miércoles;20:15;21:35;01-08-2024;30-12-2024;204;"HOGWARTS - TORRE B";S;#N/D;#N/D;#N/D;#N/D;ASD
2024-02;hogwarts;"Facultad de Magia y Hechicería";4010;"ESCUELA DE MAGIA";GH13480;"ENCANTAMIENTOS  V";20;S;Vespertino;45;45;miércoles;21:40;23:00;01-08-2024;30-12-2024;204;"HOGWARTS - TORRE B";S;#N/D;#N/D;#N/D;#N/D;ASD
2024-02;hogwarts;"Facultad de Magia y Hechicería";4010;"ESCUELA DE MAGIA";GH13482;"ADIVINACION  III";30;S;Vespertino;43;36;lunes;18:50;20:10;01-08-2024;30-12-2024;417;"HOGWARTS - TORRE B";S;#N/D;#N/D;#N/D;#N/D;TID
2024-02;hogwarts;"Facultad de Magia y Hechicería";4010;"ESCUELA DE MAGIA";GH13482;"ADIVINACION  III";30;S;Vespertino;43;36;lunes;20:15;21:35;01-08-2024;30-12-2024;417;"HOGWARTS - TORRE B";S;#N/D;#N/D;#N/D;#N/D;TID
2024-02;hogwarts;"Facultad de Magia y Hechicería";4010;"ESCUELA DE MAGIA";GH13482;"ADIVINACION  III";30;S;Vespertino;43;36;lunes;21:40;23:00;01-08-2024;30-12-2024;417;"HOGWARTS - TORRE B";S;#N/D;#N/D;#N/D;#N/D;TID
2024-02;hogwarts;"Facultad de Magia y Hechicería";4010;"ESCUELA DE MAGIA";GH13482;"ADIVINACION  III";10;S;Diurno;40;34;lunes;14:15;15:35;01-08-2024;30-12-2024;"409 (H)";"HOGWARTS - TORRE B";S;#N/D;#N/D;#N/D;#N/D;JC1
2024-02;hogwarts;"Facultad de Magia y Hechicería";4010;"ESCUELA DE MAGIA";GH13482;"ADIVINACION  III";10;S;Diurno;40;34;lunes;15:45;17:05;01-08-2024;30-12-2024;"9 (H)";"HOGWARTS - TORRE B";S;#N/D;#N/D;#N/D;#N/D;JC1
2024-02;hogwarts;"Facultad de Magia y Hechicería";4010;"ESCUELA DE MAGIA";GH13482;"ADIVINACION  III";10;S;Diurno;40;34;lunes;17:15;18:35;01-08-2024;30-12-2024;"9 (H)";"HOGWARTS - TORRE B";S;#N/D;#N/D;#N/D;#N/D;JC1
2024-02;Beauxbaton;"Facultad de Magia y Hechicería";4010;"ESCUELA DE MAGIA";GH13482;"ADIVINACION  III";210;S;Diurno;31;29;lunes;8:15;9:35;01-08-2024;30-12-2024;104;"BEAUXBATON - EDIFICIO A";S;#N/D;#N/D;#N/D;#N/D;JC1
2024-02;Beauxbaton;"Facultad de Magia y Hechicería";4010;"ESCUELA DE MAGIA";GH13482;"ADIVINACION  III";210;S;Diurno;31;29;lunes;9:45;11:05;01-08-2024;30-12-2024;104;"BEAUXBATON - EDIFICIO A";S;#N/D;#N/D;#N/D;#N/D;JC1
2024-02;Beauxbaton;"Facultad de Magia y Hechicería";4010;"ESCUELA DE MAGIA";GH13482;"ADIVINACION  III";210;S;Diurno;31;29;lunes;11:15;12:35;01-08-2024;30-12-2024;104;"BEAUXBATON - EDIFICIO A";S;#N/D;#N/D;#N/D;#N/D;JC1
2024-02;hogwarts;"Facultad de Magia y Hechicería";4010;"ESCUELA DE MAGIA";GH13489;OROCRUX;20;S;Vespertino;40;38;lunes;18:50;20:10;01-08-2024;30-12-2024;412;"HOGWARTS - TORRE B";S;#N/D;#N/D;#N/D;#N/D;ASD
2024-02;hogwarts;"Facultad de Magia y Hechicería";4010;"ESCUELA DE MAGIA";GH13489;OROCRUX;20;S;Vespertino;40;38;lunes;20:15;21:35;01-08-2024;30-12-2024;412;"HOGWARTS - TORRE B";S;#N/D;#N/D;#N/D;#N/D;ASD
2024-02;hogwarts;"Facultad de Magia y Hechicería";4010;"ESCUELA DE MAGIA";GH13489;OROCRUX;20;S;Vespertino;40;38;lunes;21:40;23:00;01-08-2024;30-12-2024;412;"HOGWARTS - TORRE B";S;#N/D;#N/D;#N/D;#N/D;ASD
2024-02;hogwarts;"Facultad de Magia y Hechicería";4010;"ESCUELA DE MAGIA";GH13491;"MAGIA DE SOCIEDADES";10;S;Diurno;53;50;martes;8:15;9:35;01-08-2024;30-12-2024;"AULA D (H)";"HOGWARTS - ";S;#N/D;#N/D;#N/D;#N/D;JM1
2024-02;hogwarts;"Facultad de Magia y Hechicería";4010;"ESCUELA DE MAGIA";GH13491;"MAGIA DE SOCIEDADES";10;S;Diurno;53;50;martes;9:45;11:05;01-08-2024;30-12-2024;"AULA D (H)";"HOGWARTS - ";S;#N/D;#N/D;#N/D;#N/D;JM1
2024-02;hogwarts;"Facultad de Magia y Hechicería";4010;"ESCUELA DE MAGIA";GH13491;"MAGIA DE SOCIEDADES";10;S;Diurno;53;50;martes;11:15;12:35;01-08-2024;30-12-2024;"AULA D (H)";"HOGWARTS - ";S;#N/D;#N/D;#N/D;#N/D;JM1
2024-02;hogwarts;"Facultad de Magia y Hechicería";4010;"ESCUELA DE MAGIA";GH13491;"MAGIA DE SOCIEDADES";20;S;Vespertino;50;49;viernes;18:50;20:10;01-08-2024;30-12-2024;317;"HOGWARTS - TORRE B";S;#N/D;#N/D;#N/D;#N/D;ATD
2024-02;hogwarts;"Facultad de Magia y Hechicería";4010;"ESCUELA DE MAGIA";GH13491;"MAGIA DE SOCIEDADES";20;S;Vespertino;50;49;viernes;20:15;21:35;01-08-2024;30-12-2024;317;"HOGWARTS - TORRE B";S;#N/D;#N/D;#N/D;#N/D;ATD
2024-02;hogwarts;"Facultad de Magia y Hechicería";4010;"ESCUELA DE MAGIA";GH13491;"MAGIA DE SOCIEDADES";20;S;Vespertino;50;49;viernes;21:40;23:00;01-08-2024;30-12-2024;317;"HOGWARTS - TORRE B";S;#N/D;#N/D;#N/D;#N/D;ATD
2024-02;Beauxbaton;"Facultad de Magia y Hechicería";4010;"ESCUELA DE MAGIA";GH23494;"PREPARACIÓN T.I.M.O";210;S;Diurno;20;18;miércoles;12:45;14:05;01-08-2024;31-12-2024;501;"BEAUXBATON - EDIFICIO B";S;#N/D;#N/D;#N/D;#N/D;INSD
2024-02;Beauxbaton;"Facultad de Magia y Hechicería";4010;"ESCUELA DE MAGIA";GH13509;"ARTES OSCURAS II";220;S;Diurno;25;19;lunes;14:15;15:35;01-08-2024;30-12-2024;404;"BEAUXBATON - EDIFICIO B";S;#N/D;#N/D;#N/D;#N/D;JC1
2024-02;Beauxbaton;"Facultad de Magia y Hechicería";4010;"ESCUELA DE MAGIA";GH13509;"ARTES OSCURAS II";220;S;Diurno;25;19;lunes;15:45;17:05;01-08-2024;30-12-2024;404;"BEAUXBATON - EDIFICIO B";S;#N/D;#N/D;#N/D;#N/D;JC1
2024-02;Beauxbaton;"Facultad de Magia y Hechicería";4010;"ESCUELA DE MAGIA";GH13509;"ARTES OSCURAS II";220;S;Diurno;25;19;lunes;17:15;18:35;01-08-2024;30-12-2024;404;"BEAUXBATON - EDIFICIO B";S;#N/D;#N/D;#N/D;#N/D;JC1
2024-02;hogwarts;"Ministerio de magia";9010;"PROGRAMA DE PÁRCEL";WH23639;"PÁRSEL II";40;S;Diurno;40;30;jueves;14:15;15:35;01-08-2024;30-12-2024;206;"HOGWARTS - TORRE B";S;#N/D;#N/D;#N/D;#N/D;SIN
2024-02;hogwarts;"Facultad de Magia y Hechicería";4010;"ESCUELA DE MAGIA";GH13880;"ELECTIVO AREA: MAGIA TERRENA";10;S;Vespertino;35;32;sábado;11:15;12:35;01-08-2024;30-12-2024;212;"HOGWARTS - TORRE B";S;#N/D;#N/D;#N/D;#N/D;ATD
2024-02;hogwarts;"Facultad de Magia y Hechicería";4010;"ESCUELA DE MAGIA";GH13880;"ELECTIVO AREA: MAGIA TERRENA";10;S;Vespertino;35;32;sábado;12:45;14:05;01-08-2024;30-12-2024;212;"HOGWARTS - TORRE B";S;#N/D;#N/D;#N/D;#N/D;ATD
2024-02;hogwarts;"Facultad de Magia y Hechicería";4010;"ESCUELA DE MAGIA";HP14091;"TALLER DE COMPORTAMIENTO ETICO Y SOCIAL DEL MAGO";30;S;Vespertino;36;36;lunes;18:50;20:10;01-08-2024;30-12-2024;212;"HOGWARTS - TORRE B";S;#N/D;#N/D;#N/D;#N/D;JC1
2024-02;hogwarts;"Facultad de Magia y Hechicería";4010;"ESCUELA DE MAGIA";HP14091;"TALLER DE COMPORTAMIENTO ETICO Y SOCIAL DEL MAGO";30;S;Vespertino;36;36;lunes;20:15;21:35;01-08-2024;30-12-2024;212;"HOGWARTS - TORRE B";S;#N/D;#N/D;#N/D;#N/D;JC1
2024-02;hogwarts;"Facultad de Magia y Hechicería";4010;"ESCUELA DE MAGIA";GH24440;"INTRODUCCION AL LOS ENCANTAMIENTOS ";20;S;Vespertino;30;8;miércoles;18:50;20:10;01-08-2024;30-12-2024;310;"HOGWARTS - TORRE B";S;#N/D;#N/D;#N/D;#N/D;JC1
2024-02;hogwarts;"Facultad de Magia y Hechicería";4010;"ESCUELA DE MAGIA";GH24440;"INTRODUCCION AL LOS ENCANTAMIENTOS ";20;S;Vespertino;30;8;miércoles;20:15;21:35;01-08-2024;30-12-2024;310;"HOGWARTS - TORRE B";S;#N/D;#N/D;#N/D;#N/D;JC1
2024-02;hogwarts;"Facultad de Magia y Hechicería";4010;"ESCUELA DE MAGIA";GH24440;"INTRODUCCION AL LOS ENCANTAMIENTOS ";20;S;Vespertino;30;8;miércoles;21:40;23:00;01-08-2024;30-12-2024;310;"HOGWARTS - TORRE B";S;#N/D;#N/D;#N/D;#N/D;JC1
2024-02;Beauxbaton;"Facultad de Magia y Hechicería";4010;"ESCUELA DE MAGIA";GH24440;"INTRODUCCION AL LOS ENCANTAMIENTOS ";210;S;Diurno;55;40;lunes;14:15;15:35;01-08-2024;30-12-2024;"AUDITORIO 2";"BEAUXBATON - EDIFICIO A";S;#N/D;#N/D;#N/D;#N/D;INSD
2024-02;Beauxbaton;"Facultad de Magia y Hechicería";4010;"ESCUELA DE MAGIA";GH24440;"INTRODUCCION AL LOS ENCANTAMIENTOS ";210;S;Diurno;55;40;lunes;15:45;17:05;01-08-2024;30-12-2024;"AUDITORIO 2";"BEAUXBATON - EDIFICIO A";S;#N/D;#N/D;#N/D;#N/D;INSD
2024-02;Beauxbaton;"Facultad de Magia y Hechicería";4010;"ESCUELA DE MAGIA";GH24440;"INTRODUCCION AL LOS ENCANTAMIENTOS ";210;S;Diurno;55;40;lunes;17:15;18:35;01-08-2024;30-12-2024;"AUDITORIO 2";"BEAUXBATON - EDIFICIO A";S;#N/D;#N/D;#N/D;#N/D;INSD
2024-02;hogwarts;"Facultad de Magia y Hechicería";4010;"ESCUELA DE MAGIA";GH24441;"ESTUDIOS DE DEMONIOS NECROFAGOS  VI";10;S;Diurno;40;22;jueves;14:15;15:35;01-08-2024;30-12-2024;"AULA F";"HOGWARTS - ";S;#N/D;#N/D;#N/D;#N/D;JC1
2024-02;hogwarts;"Facultad de Magia y Hechicería";4010;"ESCUELA DE MAGIA";GH24442;"ENCANTAMIENTOS  VII";20;S;Vespertino;40;18;miércoles;18:50;20:10;01-08-2024;30-12-2024;213;"HOGWARTS - TORRE B";S;#N/D;#N/D;#N/D;#N/D;JC1
2024-02;hogwarts;"Facultad de Magia y Hechicería";4010;"ESCUELA DE MAGIA";GH24442;"ENCANTAMIENTOS  VII";20;S;Vespertino;40;18;miércoles;20:15;21:35;01-08-2024;30-12-2024;213;"HOGWARTS - TORRE B";S;#N/D;#N/D;#N/D;#N/D;JC1
2024-02;hogwarts;"Facultad de Magia y Hechicería";4010;"ESCUELA DE MAGIA";GH14444;"FUNDAMENTOS FILOSOFICOS DE LA MAGIA";40;S;Vespertino;15;6;lunes;18:50;20:10;01-08-2024;30-12-2024;211;"HOGWARTS - TORRE B";S;#N/D;#N/D;#N/D;#N/D;JC1
2024-02;hogwarts;"Facultad de Magia y Hechicería";4010;"ESCUELA DE MAGIA";GH14444;"FUNDAMENTOS FILOSOFICOS DE LA MAGIA";40;S;Vespertino;15;6;lunes;20:15;21:35;01-08-2024;30-12-2024;211;"HOGWARTS - TORRE B";S;#N/D;#N/D;#N/D;#N/D;JC1
2024-02;Beauxbaton;"Facultad de Magia y Hechicería";4010;"ESCUELA DE MAGIA";GH14444;"FUNDAMENTOS FILOSOFICOS DE LA MAGIA";210;S;Diurno;43;42;jueves;14:15;15:35;01-08-2024;30-12-2024;"513 (H)";"BEAUXBATON - EDIFICIO B";S;#N/D;#N/D;#N/D;#N/D;SIN
2024-02;Beauxbaton;"Facultad de Magia y Hechicería";4010;"ESCUELA DE MAGIA";GH14444;"FUNDAMENTOS FILOSOFICOS DE LA MAGIA";210;S;Diurno;43;42;jueves;15:45;17:05;01-08-2024;30-12-2024;"513 (H)";"BEAUXBATON - EDIFICIO B";S;#N/D;#N/D;#N/D;#N/D;SIN
2024-02;Beauxbaton;"Facultad de Magia y Hechicería";4010;"ESCUELA DE MAGIA";HP14460;"ELECTIVO AREA:  PROCEDIMIENTO MUGGLE";210;S;Diurno;35;32;miércoles;15:45;17:05;01-08-2024;31-12-2024;514;"BEAUXBATON - EDIFICIO B";S;#N/D;#N/D;#N/D;#N/D;ASD
2024-02;Beauxbaton;"Facultad de Magia y Hechicería";4010;"ESCUELA DE MAGIA";HP14460;"ELECTIVO AREA:  PROCEDIMIENTO MUGGLE";210;S;Diurno;35;32;miércoles;17:15;18:35;01-08-2024;31-12-2024;514;"BEAUXBATON - EDIFICIO B";S;#N/D;#N/D;#N/D;#N/D;ASD
2024-02;hogwarts;"Facultad de Magia y Hechicería";6012;"ESCUELA DE HECHICERÍA";WH233404;"ANTROPOLOGÍA MUGGLE";20;S;Diurno;35;30;viernes;14:15;15:35;01-08-2024;30-12-2024;412;"HOGWARTS - TORRE B";S;#N/D;#N/D;#N/D;#N/D;ASD
2024-02;hogwarts;"Facultad de Magia y Hechicería";6012;"ESCUELA DE HECHICERÍA";WH233404;"ANTROPOLOGÍA MUGGLE";20;S;Diurno;35;30;viernes;15:45;17:05;01-08-2024;30-12-2024;412;"HOGWARTS - TORRE B";S;#N/D;#N/D;#N/D;#N/D;ASD
2024-02;hogwarts;"Facultad de Magia y Hechicería";6012;"ESCUELA DE HECHICERÍA";WH233404;"ANTROPOLOGÍA MUGGLE";10;S;Diurno;35;35;lunes;9:45;11:05;01-08-2024;30-12-2024;203;"HOGWARTS - TORRE D";S;#N/D;#N/D;#N/D;#N/D;ASD
2024-02;hogwarts;"Facultad de Magia y Hechicería";6012;"ESCUELA DE HECHICERÍA";WH233404;"ANTROPOLOGÍA MUGGLE";10;S;Diurno;35;35;lunes;11:15;12:35;01-08-2024;30-12-2024;203;"HOGWARTS - TORRE D";S;#N/D;#N/D;#N/D;#N/D;ASD
2024-02;Beauxbaton;"Facultad de Magia y Hechicería";6012;"ESCUELA DE Hechicería";WH233404;"ANTROPOLOGÍA MUGGLE";210;S;Diurno;35;29;lunes;8:15;9:35;01-08-2024;30-12-2024;"507 (H)";"BEAUXBATON - EDIFICIO B";S;#N/D;#N/D;#N/D;#N/D;INSD
2024-02;Beauxbaton;"Facultad de Magia y Hechicería";6012;"ESCUELA DE Hechicería";WH233405;"examen de Pociones";210;S;Diurno;30;25;martes;8:15;9:35;01-08-2024;30-12-2024;"408 (H)";"BEAUXBATON - EDIFICIO B";S;#N/D;#N/D;#N/D;#N/D;JC1
2024-02;Beauxbaton;"Facultad de Magia y Hechicería";6012;"ESCUELA DE Hechicería";WH236002;"FUNDAMENTOS MAGICOS";210;S;Diurno;30;25;martes;12:45;14:05;01-08-2024;30-12-2024;"408 (H)";"BEAUXBATON - EDIFICIO B";S;#N/D;#N/D;#N/D;#N/D;INSD
2024-02;hogwarts;"Facultad de Magia y Hechicería";6012;"ESCUELA DE HECHICERÍA";WH236003;"Examinador de Aparición I";20;S;Diurno;14;9;miércoles;17:15;18:35;01-08-2024;30-12-2024;201;"HOGWARTS - TORRE B";S;#N/D;#N/D;#N/D;#N/D;JC1
2024-02;Beauxbaton;"Facultad de Magia y Hechicería";6012;"ESCUELA DE Hechicería";WH236010;"Examinador de Aparición III";230;S;Diurno;10;8;miércoles;17:15;18:35;01-08-2024;31-12-2024;404;"BEAUXBATON - EDIFICIO B";S;#N/D;#N/D;#N/D;#N/D;SIN
2024-02;Beauxbaton;"Facultad de Magia y Hechicería";6012;"ESCUELA DE Hechicería";WH236010;"Examinador de Aparición III";230;S;Diurno;10;8;miércoles;18:50;20:10;01-08-2024;31-12-2024;404;"BEAUXBATON - EDIFICIO B";S;#N/D;#N/D;#N/D;#N/D;SIN
2024-02;Beauxbaton;"Facultad de Magia y Hechicería";6012;"ESCUELA DE Hechicería";WH236012;"GOBIERNO Y GESTIÓN DEL BANCO MAGICO";210;S;Diurno;32;25;viernes;14:15;15:35;01-08-2024;30-12-2024;506;"BEAUXBATON - EDIFICIO B";S;#N/D;#N/D;#N/D;#N/D;JC1
2024-02;Beauxbaton;"Facultad de Magia y Hechicería";6012;"ESCUELA DE Hechicería";WH236012;"GOBIERNO Y GESTIÓN DEL BANCO MAGICO";210;S;Diurno;32;25;viernes;15:45;17:05;01-08-2024;30-12-2024;506;"BEAUXBATON - EDIFICIO B";S;#N/D;#N/D;#N/D;#N/D;JC1
2024-02;hogwarts;"Facultad de Magia y Hechicería";6012;"ESCUELA DE HECHICERÍA";WH236019;"ESTRATEGIAS INNOVADORAS PARA  ENCANTAR";10;S;Diurno;25;9;viernes;9:45;11:05;01-08-2024;30-12-2024;302;"HOGWARTS - ";S;#N/D;#N/D;#N/D;#N/D;ATD
2024-02;Beauxbaton;"Facultad de Magia y Hechicería";6012;"ESCUELA DE Hechicería";WH236020;"EPISTEMOLOGIA DE LA HECHICERÍA";210;S;Diurno;15;13;martes;8:15;9:35;01-08-2024;30-12-2024;501;"BEAUXBATON - EDIFICIO B";S;#N/D;#N/D;#N/D;#N/D;INSD
2024-02;Beauxbaton;"Facultad de Magia y Hechicería";6012;"ESCUELA DE Hechicería";WH236024;"FENÓMENOS MUGGLE EMERGENTES II";210;S;Diurno;15;13;martes;11:15;12:35;01-08-2024;30-12-2024;405;"BEAUXBATON - EDIFICIO B";S;#N/D;#N/D;#N/D;#N/D;ASD
2024-02;Beauxbaton;"Facultad de Magia y Hechicería";6012;"ESCUELA DE Hechicería";WH236024;"FENÓMENOS MUGGLE EMERGENTES II";210;S;Diurno;15;13;martes;12:45;14:05;01-08-2024;30-12-2024;405;"BEAUXBATON - EDIFICIO B";S;#N/D;#N/D;#N/D;#N/D;ASD
2024-02;hogwarts;"Facultad de Magia y Hechicería";6012;"ESCUELA DE HECHICERÍA";WH236024;"FENÓMENOS MUGGLE EMERGENTES II";10;S;Diurno;25;9;jueves;9:45;11:05;01-08-2024;30-12-2024;404;"HOGWARTS - TORRE B";S;#N/D;#N/D;#N/D;#N/D;JC1
2024-02;Beauxbaton;"Facultad de Magia y Hechicería";6012;"ESCUELA DE Hechicería";WH236030;"DILEMAS ÉTICOS EN HECHICERIA";210;S;Diurno;17;14;martes;8:15;9:35;01-08-2024;30-12-2024;402;"BEAUXBATON - EDIFICIO B";S;#N/D;#N/D;#N/D;#N/D;ASD
2024-02;Beauxbaton;"Facultad de Magia y Hechicería";6012;"ESCUELA DE Hechicería";WH236030;"DILEMAS ÉTICOS EN HECHICERIA";210;S;Diurno;17;14;martes;9:45;11:05;01-08-2024;30-12-2024;402;"BEAUXBATON - EDIFICIO B";S;#N/D;#N/D;#N/D;#N/D;ASD
2024-02;hogwarts;"Facultad de Magia y Hechicería";6012;"ESCUELA DE HECHICERÍA";WH236030;"DILEMAS ÉTICOS EN HECHICERIA";10;S;Diurno;25;23;lunes;11:15;12:35;01-08-2024;30-12-2024;208;"HOGWARTS - TORRE D";S;#N/D;#N/D;#N/D;#N/D;JC1
2024-02;hogwarts;"Facultad de Magia y Hechicería";6012;"ESCUELA DE HECHICERÍA";WH236032;" CONCURSO DE ESCUELAS";10;S;Diurno;25;20;martes;9:45;11:05;01-08-2024;30-12-2024;303;"HOGWARTS - TORRE D";S;#N/D;#N/D;#N/D;#N/D;JC1
2024-02;Beauxbaton;"Facultad de Magia y Hechicería";6012;"ESCUELA DE Hechicería";WH236033;"EVALUACIÓN DE ENANOS";210;S;Diurno;17;16;miércoles;8:15;9:35;01-08-2024;30-12-2024;407;"BEAUXBATON - EDIFICIO B";S;#N/D;#N/D;#N/D;#N/D;ATD
2024-02;Beauxbaton;"Facultad de Magia y Hechicería";6012;"ESCUELA DE Hechicería";WH236033;"EVALUACIÓN DE ENANOS";210;S;Diurno;17;16;miércoles;9:45;11:05;01-08-2024;30-12-2024;407;"BEAUXBATON - EDIFICIO B";S;#N/D;#N/D;#N/D;#N/D;ATD
2024-02;hogwarts;"Facultad de Magia y Hechicería";6012;"ESCUELA DE HECHICERÍA";WH236033;"EVALUACIÓN DE ENANOS";10;S;Diurno;25;20;jueves;14:15;15:35;01-08-2024;30-12-2024;404;"HOGWARTS - TORRE B";S;#N/D;#N/D;#N/D;#N/D;JC1
2024-02;hogwarts;"Facultad de Magia y Hechicería";6012;"ESCUELA DE HECHICERÍA";WH236033;"EVALUACIÓN DE ENANOS";10;S;Diurno;25;20;jueves;15:45;17:05;01-08-2024;30-12-2024;404;"HOGWARTS - TORRE B";S;#N/D;#N/D;#N/D;#N/D;JC1
